Workbook

Sheet Sheet3
C1: CENPK_1_EXP | D1: CENPK_2_EXP | E1: CENPK_3_EXP | F1: CENPK_1_ETH | G1: CENPK_2_ETH | H1: CENPK_3_ETH | I1: NER_1_72h | J1: NER_2_72h | K1: NER_3_72h | L1: NER_1_96h | M1: NER_2_96h | N1: NER_3_96h | O1: NERg_1_72h | P1: NERg_2_72h | Q1: NERg_3_72h | R1: NERg_1_96h | S1: NERg_2_96h | T1: NERg_3_96h | U1: NERgE_1_72h | V1: NERgE_2_72h | W1: NERgE_3_72h | X1: NERgE_1_96h | Y1: NERgE_2_96h | Z1: NERgE_3_96h | AA1: VAL_1_72h | AB1: VAL_2_72h | AC1: VAL_3_72h | AD1: VAL_1_96h | AE1: VAL_2_96h | AF1: VAL_3_96h | AG1: VALg_1_72h | AH1: VALg_2_72h | AI1: VALg_3_72h | AJ1: VALg_1_96h | AK1: VALg_2_96h | AL1: VALg_3_96h | AM1: HUMg_1_EXP | AN1: HUMg_2_EXP | AO1: HUMg_3_EXP | AP1: HUMgE_1_EXP | AQ1: HUMgE_2_EXP | AR1: HUMgE_3_EXP | AS1: HUMgE_1_ETH | AT1: HUMgE_2_ETH | AU1: HUMgE_3_ETH | AV1: HUMgE_1_72h | AW1: HUMgE_2_72h | AX1: HUMgE_3_72h | AY1: HUMgE_1_96h | AZ1: HUMgE_2_96h | BA1: HUMgE_3_96h | BB1: HUMgEh_1_EXP | BC1: HUMgEh_2_EXP | BD1: HUMgEh_3_EXP | BE1: HUMgEhE_1_EXP | BF1: HUMgEhE_2_EXP | BG1: HUMgEhE_3_EXP | BH1: HUMgEhE_1_ETH | BI1: HUMgEhE_2_ETH | BJ1: HUMgEhE_3_ETH | BK1: HUMgEhE_1_72h | BL1: HUMgEhE_2_72h | BM1: HUMgEhE_3_72h | BN1: HUMgEhE_1_96h | BO1: HUMgEhE_2_96h | BP1: HUMgEhE_3_96h | BQ1: LIMg_1_72h | BR1: LIMg_2_72h | BS1: LIMg_3_72h | BT1: LIMg_1_96h | BU1: LIMg_2_96h | BV1: LIMg_3_96h
A2: 1.1 | B2: HXT1 | C2: 204.51169 | D2: 251.76499 | E2: 299.01829 | F2: 0 | G2: 0 | H2: 0 | I2: -44.009784 | J2: 60.118483 | K2: 164.24675 | L2: -84.71704 | M2: 115.72563 | N2: 316.1683 | O2: 0 | P2: 0 | Q2: 0 | R2: -45.775575 | S2: 62.530598 | T2: 170.83677 | U2: 0 | V2: 0 | W2: 0 | X2: -21.952928 | Y2: 29.988258 | Z2: 81.929444 | AA2: 289.45426 | AB2: 359.34922 | AC2: 429.24417 | AD2: 303.38493 | AE2: 378.39408 | AF2: 453.40323 | AG2: 394.31522 | AH2: 448.82894 | AI2: 503.34266 | AJ2: 246.17376 | AK2: 353.31957 | AL2: 460.46539 | AM2: 148.68883 | AN2: 273.16392 | AO2: 397.63901 | AP2: 0 | AQ2: 0 | AR2: 0 | AS2: 0 | AT2: 0 | AU2: 0 | AV2: 0 | AW2: 0 | AX2: 0 | AY2: 0 | AZ2: 0 | BA2: 0 | BB2: -38.376494 | BC2: 52.423266 | BD2: 143.22303 | BE2: 0 | BF2: 0 | BG2: 0 | BH2: 0 | BI2: 0 | BJ2: 0 | BK2: -10.536439 | BL2: 14.393043 | BM2: 39.322526 | BN2: 0 | BO2: 0 | BP2: 0 | BQ2: 0 | BR2: 0 | BS2: 0 | BT2: 0 | BU2: 0 | BV2: 0
A3: 1.2
A4: 1.3
A5: 1.4
A6: 2.1 | B6: HXT2 | C6: 48.648133 | D6: 59.659029 | E6: 70.669925 | F6: 24.717593 | G6: 37.739009 | H6: 50.760426 | I6: 76.9948 | J6: 86.886682 | K6: 96.778565 | L6: 33.150849 | M6: 81.273091 | N6: 129.39533 | O6: 21.673666 | P6: 29.723328 | Q6: 37.77299 | R6: 13.12194 | S6: 26.568689 | T6: 40.015439 | U6: 23.101594 | V6: 32.569465 | W6: 42.037335 | X6: 24.117067 | Y6: 32.79338 | Z6: 41.469694 | AA6: 39.31734 | AB6: 65.77888 | AC6: 92.24042 | AD6: 30.274016 | AE6: 31.213996 | AF6: 32.153977 | AG6: 17.297532 | AH6: 35.181708 | AI6: 53.065885 | AJ6: 4.0562377 | AK6: 31.728172 | AL6: 59.400107 | AM6: 157.55821 | AN6: 181.44303 | AO6: 205.32785 | AP6: 321.99507 | AQ6: 408.50088 | AR6: 495.0067 | AS6: 62.784541 | AT6: 63.690868 | AU6: 64.597195 | AV6: 15.502828 | AW6: 17.519952 | AX6: 19.537075 | AY6: 12.796062 | AZ6: 24.747721 | BA6: 36.69938 | BB6: 55.341659 | BC6: 158.24414 | BD6: 261.14661 | BE6: 370.9548 | BF6: 404.5454 | BG6: 438.13601 | BH6: 183.40913 | BI6: 235.37241 | BJ6: 287.33568 | BK6: 154.14608 | BL6: 176.29131 | BM6: 198.43653 | BN6: 108.35082 | BO6: 140.94398 | BP6: 173.53714 | BQ6: 17.808973 | BR6: 23.615915 | BS6: 29.422857 | BT6: 11.977355 | BU6: 13.968968 | BV6: 15.960581
A7: 2.2
A8: 2.3
A9: 2.4
A10: 3.1 | B10: HXT3 | C10: 76.914903 | D10: 81.182226 | E10: 85.449548 | F10: 18.509349 | G10: 24.437712 | H10: 30.366075 | I10: 220.09613 | J10: 265.19689 | K10: 310.29766 | L10: 134.76125 | M10: 261.47164 | N10: 388.18202 | O10: 22.54549 | P10: 71.902265 | Q10: 121.25904 | R10: 30.860971 | S10: 51.374871 | T10: 71.888771 | U10: 67.826884 | V10: 87.674002 | W10: 107.52112 | X10: 42.278365 | Y10: 61.257713 | Z10: 80.237062 | AA10: 366.47714 | AB10: 481.86492 | AC10: 597.25271 | AD10: 190.66402 | AE10: 288.10522 | AF10: 385.54642 | AG10: 95.27141 | AH10: 103.36191 | AI10: 111.45241 | AJ10: 55.509069 | AK10: 61.271652 | AL10: 67.034236 | AM10: 59.110171 | AN10: 71.05307 | AO10: 82.995969 | AP10: 36.904461 | AQ10: 45.632524 | AR10: 54.360586 | AS10: -6.2751597 | AT10: 13.272903 | AU10: 32.820966 | AV10: 1.2103245 | AW10: 36.105411 | AX10: 71.000497 | AY10: 0.41763931 | AZ10: 7.4648901 | BA10: 14.512141 | BB10: 92.61711 | BC10: 101.80664 | BD10: 110.99618 | BE10: 91.054782 | BF10: 112.23934 | BG10: 133.42389 | BH10: 56.182511 | BI10: 61.448163 | BJ10: 66.713814 | BK10: 16.348732 | BL10: 23.438472 | BM10: 30.528212 | BN10: 32.079343 | BO10: 36.36415 | BP10: 40.648956 | BQ10: 23.737626 | BR10: 29.657572 | BS10: 35.577519 | BT10: 12.192645 | BU10: 22.415833 | BV10: 32.639021
A11: 3.2
A12: 3.3
A13: 3.4
A14: 4.1 | B14: HXT4 | C14: 70.91079 | D14: 75.811643 | E14: 80.712496 | F14: -11.252874 | G14: 24.853552 | H14: 60.959979 | I14: 100.43082 | J14: 124.4074 | K14: 148.38398 | L14: 68.207738 | M14: 175.14662 | N14: 282.08549 | O14: 39.042794 | P14: 54.18848 | Q14: 69.334167 | R14: 7.6467786 | S14: 34.398196 | T14: 61.149614 | U14: 39.277881 | V14: 67.6159 | W14: 95.95392 | X14: -15.726632 | Y14: 21.482979 | Z14: 58.69259 | AA14: 182.75981 | AB14: 243.58393 | AC14: 304.40805 | AD14: 111.53158 | AE14: 131.07569 | AF14: 150.61979 | AG14: 59.413456 | AH14: 71.110492 | AI14: 82.807528 | AJ14: 29.118784 | AK14: 30.603914 | AL14: 32.089045 | AM14: 131.52568 | AN14: 164.09176 | AO14: 196.65783 | AP14: 84.664626 | AQ14: 103.38199 | AR14: 122.09935 | AS14: 1.9740001 | AT14: 15.359751 | AU14: 28.745503 | AV14: 23.22073 | AW14: 64.640297 | AX14: 106.05986 | AY14: 13.779977 | AZ14: 21.723016 | BA14: 29.666055 | BB14: 142.17103 | BC14: 163.03225 | BD14: 183.89347 | BE14: 341.73005 | BF14: 410.80779 | BG14: 479.88553 | BH14: 131.97086 | BI14: 137.12375 | BJ14: 142.27663 | BK14: 44.136144 | BL14: 46.468664 | BM14: 48.801184 | BN14: 119.87347 | BO14: 137.97229 | BP14: 156.07112 | BQ14: 46.923791 | BR14: 52.121945 | BS14: 57.3201 | BT14: 26.278607 | BU14: 28.99771 | BV14: 31.716813
A15: 4.2
A16: 4.3
A17: 4.4
A18: 5.1 | B18: HXT5 | C18: 0 | D18: 0 | E18: 0 | F18: 72.712086 | G18: 96.940713 | H18: 121.16934 | I18: 174.90962 | J18: 259.3827 | K18: 343.85577 | L18: 53.276979 | M18: 97.509631 | N18: 141.74228 | O18: 49.052266 | P18: 124.51453 | Q18: 199.9768 | R18: 51.694195 | S18: 82.623092 | T18: 113.55199 | U18: 178.37044 | V18: 261.41531 | W18: 344.46018 | X18: 31.010272 | Y18: 69.938104 | Z18: 108.86594 | AA18: 36.549468 | AB18: 41.603547 | AC18: 46.657626 | AD18: 0.6430057 | AE18: 5.3444454 | AF18: 10.045885 | AG18: 19.576798 | AH18: 22.869813 | AI18: 26.162829 | AJ18: 22.413737 | AK18: 24.232878 | AL18: 26.052019 | AM18: 11.288068 | AN18: 14.538062 | AO18: 17.788055 | AP18: 32.811534 | AQ18: 37.154788 | AR18: 41.498042 | AS18: -4.1710168 | AT18: 180.64711 | AU18: 365.46523 | AV18: 51.924249 | AW18: 106.74687 | AX18: 161.5695 | AY18: 46.224013 | AZ18: 59.595927 | BA18: 72.967841 | BB18: 6.5511616 | BC18: 13.248578 | BD18: 19.945994 | BE18: 6.0646095 | BF18: 14.752472 | BG18: 23.440335 | BH18: 127.96373 | BI18: 230.12623 | BJ18: 332.28872 | BK18: 370.49704 | BL18: 389.46945 | BM18: 408.44186 | BN18: 57.234453 | BO18: 65.51868 | BP18: 73.802907 | BQ18: 109.67982 | BR18: 120.66187 | BS18: 131.64392 | BT18: 76.688696 | BU18: 81.165204 | BV18: 85.641712
A19: 5.2
A20: 5.3
A21: 5.4
A22: 6.1 | B22: HXT6 | C22: 0 | D22: 0 | E22: 0 | F22: -0.77867727 | G22: 3.7877519 | H22: 8.3541812 | I22: 42.463768 | J22: 61.032882 | K22: 79.601995 | L22: 19.671664 | M22: 40.698988 | N22: 61.726313 | O22: -1.2705752 | P22: 1.735638 | Q22: 4.7418511 | R22: 0.85464506 | S22: 6.4930973 | T22: 12.13155 | U22: 1.8916577 | V22: 14.13429 | W22: 26.376923 | X22: -0.42878468 | Y22: 0.58573077 | Z22: 1.6002462 | AA22: 75.74922 | AB22: 218.58068 | AC22: 361.41213 | AD22: 19.36407 | AE22: 57.459492 | AF22: 95.554914 | AG22: 0 | AH22: 0 | AI22: 0 | AJ22: 0 | AK22: 0 | AL22: 0 | AM22: 8.8378789 | AN22: 12.580469 | AO22: 16.32306 | AP22: 212.25097 | AQ22: 365.66314 | AR22: 519.0753 | AS22: -36.844398 | AT22: 74.93704 | AU22: 186.71848 | AV22: 29.356056 | AW22: 55.184949 | AX22: 81.013843 | AY22: -3.6095688 | AZ22: 18.634903 | BA22: 40.879374 | BB22: 0.57793631 | BC22: 5.135431 | BD22: 9.6929258 | BE22: 75.635906 | BF22: 220.14468 | BG22: 364.65346 | BH22: 240.46215 | BI22: 510.30736 | BJ22: 780.15256 | BK22: 487.56655 | BL22: 574.56862 | BM22: 661.5707 | BN22: 70.692703 | BO22: 83.77604 | BP22: 96.859376 | BQ22: 15.792805 | BR22: 21.861576 | BS22: 27.930346 | BT22: 45.152406 | BU22: 52.697245 | BV22: 60.242085
A23: 6.2
A24: 6.3
A25: 6.4
A26: 7.1 | B26: HXT7 | C26: 0 | D26: 0 | E26: 0 | F26: -0.57768729 | G26: 0.78913551 | H26: 2.1559583 | I26: 35.184735 | J26: 44.633166 | K26: 54.081596 | L26: 13.749028 | M26: 24.93879 | N26: 36.128552 | O26: -1.9332041 | P26: 2.6408059 | Q26: 7.2148158 | R26: 1.8795248 | S26: 6.9249128 | T26: 11.970301 | U26: 6.4506923 | V26: 8.4039156 | W26: 10.357139 | X26: -1.4948393 | Y26: 2.0419885 | Z26: 5.5788163 | AA26: 69.810459 | AB26: 149.36115 | AC26: 228.91185 | AD26: 18.754109 | AE26: 41.021921 | AF26: 63.289732 | AG26: -2.0100492 | AH26: 2.7457783 | AI26: 7.5016059 | AJ26: 0 | AK26: 0 | AL26: 0 | AM26: 53.210173 | AN26: 76.039058 | AO26: 98.867944 | AP26: 459.10156 | AQ26: 570.60132 | AR26: 682.10109 | AS26: -12.491611 | AT26: 38.665336 | AU26: 89.822283 | AV26: 16.936631 | AW26: 36.201364 | AX26: 55.466098 | AY26: 9.5448018 | AZ26: 17.829207 | BA26: 26.113611 | BB26: 30.554312 | BC26: 50.746252 | BD26: 70.938191 | BE26: 226.58184 | BF26: 418.95927 | BG26: 611.3367 | BH26: 226.18249 | BI26: 327.77615 | BJ26: 429.36982 | BK26: 301.32544 | BL26: 366.85965 | BM26: 432.39386 | BN26: 148.59464 | BO26: 179.53678 | BP26: 210.47892 | BQ26: 12.515887 | BR26: 15.915567 | BS26: 19.315248 | BT26: 10.968861 | BU26: 17.368479 | BV26: 23.768097
A27: 7.2
A28: 7.3
A29: 7.4
A30: 8.1 | B30: HXT8 | C30: #N/A | D30: #N/A | E30: #N/A | F30: #N/A | G30: #N/A | H30: #N/A | I30: #N/A | J30: #N/A | K30: #N/A | L30: #N/A | M30: #N/A | N30: #N/A | O30: #N/A | P30: #N/A | Q30: #N/A | R30: #N/A | S30: #N/A | T30: #N/A | U30: #N/A | V30: #N/A | W30: #N/A | X30: #N/A | Y30: #N/A | Z30: #N/A | AA30: #N/A | AB30: #N/A | AC30: #N/A | AD30: #N/A | AE30: #N/A | AF30: #N/A | AG30: #N/A | AH30: #N/A | AI30: #N/A | AJ30: #N/A | AK30: #N/A | AL30: #N/A | AM30: #N/A | AN30: #N/A | AO30: #N/A | AP30: #N/A | AQ30: #N/A | AR30: #N/A | AS30: #N/A | AT30: #N/A | AU30: #N/A | AV30: #N/A | AW30: #N/A | AX30: #N/A | AY30: #N/A | AZ30: #N/A | BA30: #N/A | BB30: #N/A | BC30: #N/A | BD30: #N/A | BE30: #N/A | BF30: #N/A | BG30: #N/A | BH30: #N/A | BI30: #N/A | BJ30: #N/A | BK30: #N/A | BL30: #N/A | BM30: #N/A | BN30: #N/A | BO30: #N/A | BP30: #N/A | BQ30: #N/A | BR30: #N/A | BS30: #N/A | BT30: #N/A | BU30: #N/A | BV30: #N/A
A31: 8.2
A32: 8.3
A33: 8.4
A34: 9.1 | B34: HXT10 | C34: #N/A | D34: #N/A | E34: #N/A | F34: #N/A | G34: #N/A | H34: #N/A | I34: #N/A | J34: #N/A | K34: #N/A | L34: #N/A | M34: #N/A | N34: #N/A | O34: #N/A | P34: #N/A | Q34: #N/A | R34: #N/A | S34: #N/A | T34: #N/A | U34: #N/A | V34: #N/A | W34: #N/A | X34: #N/A | Y34: #N/A | Z34: #N/A | AA34: #N/A | AB34: #N/A | AC34: #N/A | AD34: #N/A | AE34: #N/A | AF34: #N/A | AG34: #N/A | AH34: #N/A | AI34: #N/A | AJ34: #N/A | AK34: #N/A | AL34: #N/A | AM34: #N/A | AN34: #N/A | AO34: #N/A | AP34: #N/A | AQ34: #N/A | AR34: #N/A | AS34: #N/A | AT34: #N/A | AU34: #N/A | AV34: #N/A | AW34: #N/A | AX34: #N/A | AY34: #N/A | AZ34: #N/A | BA34: #N/A | BB34: #N/A | BC34: #N/A | BD34: #N/A | BE34: #N/A | BF34: #N/A | BG34: #N/A | BH34: #N/A | BI34: #N/A | BJ34: #N/A | BK34: #N/A | BL34: #N/A | BM34: #N/A | BN34: #N/A | BO34: #N/A | BP34: #N/A | BQ34: #N/A | BR34: #N/A | BS34: #N/A | BT34: #N/A | BU34: #N/A | BV34: #N/A
A35: 9.2
A36: 9.3
A37: 9.4
A38: 10.1 | B38: HXT11 | C38: #N/A | D38: #N/A | E38: #N/A | F38: #N/A | G38: #N/A | H38: #N/A | I38: #N/A | J38: #N/A | K38: #N/A | L38: #N/A | M38: #N/A | N38: #N/A | O38: #N/A | P38: #N/A | Q38: #N/A | R38: #N/A | S38: #N/A | T38: #N/A | U38: #N/A | V38: #N/A | W38: #N/A | X38: #N/A | Y38: #N/A | Z38: #N/A | AA38: #N/A | AB38: #N/A | AC38: #N/A | AD38: #N/A | AE38: #N/A | AF38: #N/A | AG38: #N/A | AH38: #N/A | AI38: #N/A | AJ38: #N/A | AK38: #N/A | AL38: #N/A | AM38: #N/A | AN38: #N/A | AO38: #N/A | AP38: #N/A | AQ38: #N/A | AR38: #N/A | AS38: #N/A | AT38: #N/A | AU38: #N/A | AV38: #N/A | AW38: #N/A | AX38: #N/A | AY38: #N/A | AZ38: #N/A | BA38: #N/A | BB38: #N/A | BC38: #N/A | BD38: #N/A | BE38: #N/A | BF38: #N/A | BG38: #N/A | BH38: #N/A | BI38: #N/A | BJ38: #N/A | BK38: #N/A | BL38: #N/A | BM38: #N/A | BN38: #N/A | BO38: #N/A | BP38: #N/A | BQ38: #N/A | BR38: #N/A | BS38: #N/A | BT38: #N/A | BU38: #N/A | BV38: #N/A
A39: 10.2
A40: 10.3
A41: 10.4
A42: 11.1 | B42: HXT13 | C42: #N/A | D42: #N/A | E42: #N/A | F42: #N/A | G42: #N/A | H42: #N/A | I42: #N/A | J42: #N/A | K42: #N/A | L42: #N/A | M42: #N/A | N42: #N/A | O42: #N/A | P42: #N/A | Q42: #N/A | R42: #N/A | S42: #N/A | T42: #N/A | U42: #N/A | V42: #N/A | W42: #N/A | X42: #N/A | Y42: #N/A | Z42: #N/A | AA42: #N/A | AB42: #N/A | AC42: #N/A | AD42: #N/A | AE42: #N/A | AF42: #N/A | AG42: #N/A | AH42: #N/A | AI42: #N/A | AJ42: #N/A | AK42: #N/A | AL42: #N/A | AM42: #N/A | AN42: #N/A | AO42: #N/A | AP42: #N/A | AQ42: #N/A | AR42: #N/A | AS42: #N/A | AT42: #N/A | AU42: #N/A | AV42: #N/A | AW42: #N/A | AX42: #N/A | AY42: #N/A | AZ42: #N/A | BA42: #N/A | BB42: #N/A | BC42: #N/A | BD42: #N/A | BE42: #N/A | BF42: #N/A | BG42: #N/A | BH42: #N/A | BI42: #N/A | BJ42: #N/A | BK42: #N/A | BL42: #N/A | BM42: #N/A | BN42: #N/A | BO42: #N/A | BP42: #N/A | BQ42: #N/A | BR42: #N/A | BS42: #N/A | BT42: #N/A | BU42: #N/A | BV42: #N/A
A43: 11.2
A44: 11.3
A45: 11.4
A46: 12.1 | B46: HXT14 | C46: #N/A | D46: #N/A | E46: #N/A | F46: #N/A | G46: #N/A | H46: #N/A | I46: #N/A | J46: #N/A | K46: #N/A | L46: #N/A | M46: #N/A | N46: #N/A | O46: #N/A | P46: #N/A | Q46: #N/A | R46: #N/A | S46: #N/A | T46: #N/A | U46: #N/A | V46: #N/A | W46: #N/A | X46: #N/A | Y46: #N/A | Z46: #N/A | AA46: #N/A | AB46: #N/A | AC46: #N/A | AD46: #N/A | AE46: #N/A | AF46: #N/A | AG46: #N/A | AH46: #N/A | AI46: #N/A | AJ46: #N/A | AK46: #N/A | AL46: #N/A | AM46: #N/A | AN46: #N/A | AO46: #N/A | AP46: #N/A | AQ46: #N/A | AR46: #N/A | AS46: #N/A | AT46: #N/A | AU46: #N/A | AV46: #N/A | AW46: #N/A | AX46: #N/A | AY46: #N/A | AZ46: #N/A | BA46: #N/A | BB46: #N/A | BC46: #N/A | BD46: #N/A | BE46: #N/A | BF46: #N/A | BG46: #N/A | BH46: #N/A | BI46: #N/A | BJ46: #N/A | BK46: #N/A | BL46: #N/A | BM46: #N/A | BN46: #N/A | BO46: #N/A | BP46: #N/A | BQ46: #N/A | BR46: #N/A | BS46: #N/A | BT46: #N/A | BU46: #N/A | BV46: #N/A
A47: 12.2
A48: 12.3
A49: 12.4
A50: 13.1 | B50: HXT15 | C50: #N/A | D50: #N/A | E50: #N/A | F50: #N/A | G50: #N/A | H50: #N/A | I50: #N/A | J50: #N/A | K50: #N/A | L50: #N/A | M50: #N/A | N50: #N/A | O50: #N/A | P50: #N/A | Q50: #N/A | R50: #N/A | S50: #N/A | T50: #N/A | U50: #N/A | V50: #N/A | W50: #N/A | X50: #N/A | Y50: #N/A | Z50: #N/A | AA50: #N/A | AB50: #N/A | AC50: #N/A | AD50: #N/A | AE50: #N/A | AF50: #N/A | AG50: #N/A | AH50: #N/A | AI50: #N/A | AJ50: #N/A | AK50: #N/A | AL50: #N/A | AM50: #N/A | AN50: #N/A | AO50: #N/A | AP50: #N/A | AQ50: #N/A | AR50: #N/A | AS50: #N/A | AT50: #N/A | AU50: #N/A | AV50: #N/A | AW50: #N/A | AX50: #N/A | AY50: #N/A | AZ50: #N/A | BA50: #N/A | BB50: #N/A | BC50: #N/A | BD50: #N/A | BE50: #N/A | BF50: #N/A | BG50: #N/A | BH50: #N/A | BI50: #N/A | BJ50: #N/A | BK50: #N/A | BL50: #N/A | BM50: #N/A | BN50: #N/A | BO50: #N/A | BP50: #N/A | BQ50: #N/A | BR50: #N/A | BS50: #N/A | BT50: #N/A | BU50: #N/A | BV50: #N/A
A51: 13.2
A52: 13.3
A53: 13.4
A54: 14.1 | B54: HXT16 | C54: #N/A | D54: #N/A | E54: #N/A | F54: #N/A | G54: #N/A | H54: #N/A | I54: #N/A | J54: #N/A | K54: #N/A | L54: #N/A | M54: #N/A | N54: #N/A | O54: #N/A | P54: #N/A | Q54: #N/A | R54: #N/A | S54: #N/A | T54: #N/A | U54: #N/A | V54: #N/A | W54: #N/A | X54: #N/A | Y54: #N/A | Z54: #N/A | AA54: #N/A | AB54: #N/A | AC54: #N/A | AD54: #N/A | AE54: #N/A | AF54: #N/A | AG54: #N/A | AH54: #N/A | AI54: #N/A | AJ54: #N/A | AK54: #N/A | AL54: #N/A | AM54: #N/A | AN54: #N/A | AO54: #N/A | AP54: #N/A | AQ54: #N/A | AR54: #N/A | AS54: #N/A | AT54: #N/A | AU54: #N/A | AV54: #N/A | AW54: #N/A | AX54: #N/A | AY54: #N/A | AZ54: #N/A | BA54: #N/A | BB54: #N/A | BC54: #N/A | BD54: #N/A | BE54: #N/A | BF54: #N/A | BG54: #N/A | BH54: #N/A | BI54: #N/A | BJ54: #N/A | BK54: #N/A | BL54: #N/A | BM54: #N/A | BN54: #N/A | BO54: #N/A | BP54: #N/A | BQ54: #N/A | BR54: #N/A | BS54: #N/A | BT54: #N/A | BU54: #N/A | BV54: #N/A
A55: 14.2
A56: 14.3
A57: 14.4
A58: 15.1 | B58: HXT17 | C58: #N/A | D58: #N/A | E58: #N/A | F58: #N/A | G58: #N/A | H58: #N/A | I58: #N/A | J58: #N/A | K58: #N/A | L58: #N/A | M58: #N/A | N58: #N/A | O58: #N/A | P58: #N/A | Q58: #N/A | R58: #N/A | S58: #N/A | T58: #N/A | U58: #N/A | V58: #N/A | W58: #N/A | X58: #N/A | Y58: #N/A | Z58: #N/A | AA58: #N/A | AB58: #N/A | AC58: #N/A | AD58: #N/A | AE58: #N/A | AF58: #N/A | AG58: #N/A | AH58: #N/A | AI58: #N/A | AJ58: #N/A | AK58: #N/A | AL58: #N/A | AM58: #N/A | AN58: #N/A | AO58: #N/A | AP58: #N/A | AQ58: #N/A | AR58: #N/A | AS58: #N/A | AT58: #N/A | AU58: #N/A | AV58: #N/A | AW58: #N/A | AX58: #N/A | AY58: #N/A | AZ58: #N/A | BA58: #N/A | BB58: #N/A | BC58: #N/A | BD58: #N/A | BE58: #N/A | BF58: #N/A | BG58: #N/A | BH58: #N/A | BI58: #N/A | BJ58: #N/A | BK58: #N/A | BL58: #N/A | BM58: #N/A | BN58: #N/A | BO58: #N/A | BP58: #N/A | BQ58: #N/A | BR58: #N/A | BS58: #N/A | BT58: #N/A | BU58: #N/A | BV58: #N/A
A59: 15.2
A60: 15.3
A61: 15.4
A62: 16.1 | B62: GLK1 | C62: 8.6081546 | D62: 8.7591458 | E62: 8.9101369 | F62: 82.027227 | G62: 87.722603 | H62: 93.41798 | I62: 167.89374 | J62: 208.07056 | K62: 248.24738 | L62: 133.6507 | M62: 174.02426 | N62: 214.39781 | O62: 117.94339 | P62: 141.63432 | Q62: 165.32524 | R62: 108.26793 | S62: 120.29325 | T62: 132.31858 | U62: 180.16357 | V62: 197.72901 | W62: 215.29444 | X62: 121.04826 | Y62: 128.87674 | Z62: 136.70523 | AA62: 114.47578 | AB62: 124.30334 | AC62: 134.13091 | AD62: 67.197252 | AE62: 74.490693 | AF62: 81.784134 | AG62: 61.514863 | AH62: 66.668775 | AI62: 71.822688 | AJ62: 77.133543 | AK62: 78.325296 | AL62: 79.51705 | AM62: 61.374208 | AN62: 65.959104 | AO62: 70.544 | AP62: 37.478818 | AQ62: 59.295555 | AR62: 81.112292 | AS62: 77.237899 | AT62: 100.0039 | AU62: 122.76989 | AV62: 92.99203 | AW62: 101.99554 | AX62: 110.99906 | AY62: 103.25629 | AZ62: 118.50075 | BA62: 133.74521 | BB62: 59.289268 | BC62: 65.55417 | BD62: 71.819073 | BE62: 50.881457 | BF62: 63.060823 | BG62: 75.240189 | BH62: 70.303309 | BI62: 84.123557 | BJ62: 97.943805 | BK62: 90.985613 | BL62: 101.98546 | BM62: 112.98532 | BN62: 95.713998 | BO62: 98.983737 | BP62: 102.25348 | BQ62: 63.571534 | BR62: 64.997855 | BS62: 66.424176 | BT62: 62.658661 | BU62: 64.641548 | BV62: 66.624436
A63: 16.2
A64: 16.3
A65: 16.4
A66: 17.1 | B66: HXK1 | C66: 3.4710993 | D66: 4.2138793 | E66: 4.9566592 | F66: 220.91809 | G66: 246.02864 | H66: 271.13918 | I66: 21.592631 | J66: 25.457818 | K66: 29.323005 | L66: 131.26606 | M66: 133.65545 | N66: 136.04484 | O66: 49.341936 | P66: 69.501892 | Q66: 89.661849 | R66: 78.731757 | S66: 109.00931 | T66: 139.28685 | U66: 25.677645 | V66: 48.346998 | W66: 71.016351 | X66: 116.63506 | Y66: 122.77112 | Z66: 128.90719 | AA66: 12.260192 | AB66: 28.813857 | AC66: 45.367522 | AD66: 74.150233 | AE66: 103.51364 | AF66: 132.87704 | AG66: 69.686053 | AH66: 74.746821 | AI66: 79.807589 | AJ66: 87.271182 | AK66: 91.555591 | AL66: 95.839999 | AM66: 45.960916 | AN66: 52.147704 | AO66: 58.334492 | AP66: 13.447419 | AQ66: 17.962859 | AR66: 22.478299 | AS66: 82.786676 | AT66: 201.35355 | AU66: 319.92042 | AV66: 200.10729 | AW66: 234.42611 | AX66: 268.74493 | AY66: 183.87742 | AZ66: 184.46131 | BA66: 185.0452 | BB66: 32.377189 | BC66: 38.53548 | BD66: 44.693771 | BE66: 11.950865 | BF66: 14.509449 | BG66: 17.068032 | BH66: 21.87197 | BI66: 47.182494 | BJ66: 72.493018 | BK66: 74.090335 | BL66: 100.01322 | BM66: 125.9361 | BN66: 167.43874 | BO66: 215.11958 | BP66: 262.80041 | BQ66: 74.968867 | BR66: 91.485707 | BS66: 108.00255 | BT66: 137.2859 | BU66: 145.18754 | BV66: 153.08917
A67: 17.2
A68: 17.3
A69: 17.4
A70: 18.1 | B70: HXK2 | C70: 175.41658 | D70: 189.65355 | E70: 203.89053 | F70: 99.200758 | G70: 138.02866 | H70: 176.85657 | I70: 32.397357 | J70: 32.855649 | K70: 33.31394 | L70: 83.698931 | M70: 105.33121 | N70: 126.96349 | O70: 76.858849 | P70: 101.75018 | Q70: 126.64151 | R70: 85.912855 | S70: 112.2411 | T70: 138.56935 | U70: 48.017142 | V70: 66.020035 | W70: 84.022928 | X70: 127.63351 | Y70: 131.28692 | Z70: 134.94034 | AA70: 29.04388 | AB70: 48.470894 | AC70: 67.897907 | AD70: 94.898855 | AE70: 134.23126 | AF70: 173.56366 | AG70: 122.52488 | AH70: 132.25288 | AI70: 141.98088 | AJ70: 117.23426 | AK70: 122.11418 | AL70: 126.99409 | AM70: 75.071958 | AN70: 96.092205 | AO70: 117.11245 | AP70: 11.75835 | AQ70: 15.977371 | AR70: 20.196392 | AS70: 67.696295 | AT70: 131.24192 | AU70: 194.78754 | AV70: 112.71734 | AW70: 142.54761 | AX70: 172.37788 | AY70: 147.18099 | AZ70: 166.95533 | BA70: 186.72968 | BB70: 71.094732 | BC70: 79.585904 | BD70: 88.077075 | BE70: 5.4105758 | BF70: 9.9152863 | BG70: 14.419997 | BH70: 11.615925 | BI70: 36.333821 | BJ70: 61.051718 | BK70: 42.119957 | BL70: 54.31959 | BM70: 66.519223 | BN70: 143.61686 | BO70: 168.35554 | BP70: 193.09421 | BQ70: 86.858053 | BR70: 90.216383 | BS70: 93.574713 | BT70: 90.120289 | BU70: 94.222521 | BV70: 98.324753
A71: 18.2
A72: 18.3
A73: 18.4
A74: 19.1 | B74: EMI2 | C74: 8.2203897 | D74: 8.9849765 | E74: 9.7495633 | F74: 106.5964 | G74: 127.23305 | H74: 147.86971 | I74: 106.84902 | J74: 126.30987 | K74: 145.77071 | L74: 118.29487 | M74: 174.07248 | N74: 229.85008 | O74: 71.599775 | P74: 94.831681 | Q74: 118.06359 | R74: 63.213382 | S74: 83.69502 | T74: 104.17666 | U74: 120.25735 | V74: 141.52114 | W74: 162.78494 | X74: 79.397857 | Y74: 96.320192 | Z74: 113.24253 | AA74: 89.978631 | AB74: 101.8198 | AC74: 113.66097 | AD74: 77.764631 | AE74: 80.578381 | AF74: 83.392131 | AG74: 69.177728 | AH74: 72.110538 | AI74: 75.043348 | AJ74: 70.276214 | AK74: 74.12574 | AL74: 77.975266 | AM74: 70.19313 | AN74: 71.099265 | AO74: 72.005401 | AP74: 54.959236 | AQ74: 74.682078 | AR74: 94.40492 | AS74: 122.45942 | AT74: 144.3314 | AU74: 166.20338 | AV74: 134.53875 | AW74: 135.78435 | AX74: 137.02995 | AY74: 106.98905 | AZ74: 117.05655 | BA74: 127.12405 | BB74: 54.648319 | BC74: 59.026661 | BD74: 63.405002 | BE74: 90.366014 | BF74: 100.64752 | BG74: 110.92903 | BH74: 86.091013 | BI74: 103.73594 | BJ74: 121.38088 | BK74: 165.04594 | BL74: 168.25986 | BM74: 171.47378 | BN74: 134.2149 | BO74: 137.93763 | BP74: 141.66037 | BQ74: 49.107588 | BR74: 52.847915 | BS74: 56.588243 | BT74: 51.452002 | BU74: 52.987951 | BV74: 54.5239
A75: 19.2
A76: 19.3
A77: 19.4
A78: 20.1 | B78: PGI1 | C78: 167.3641 | D78: 170.40107 | E78: 173.43803 | F78: 147.14092 | G78: 175.28898 | H78: 203.43704 | I78: 22.90089 | J78: 30.516906 | K78: 38.132921 | L78: 152.28539 | M78: 161.2451 | N78: 170.2048 | O78: 71.296306 | P78: 94.304927 | Q78: 117.31355 | R78: 119.82286 | S78: 127.44015 | T78: 135.05744 | U78: 49.222819 | V78: 60.738439 | W78: 72.254058 | X78: 135.48099 | Y78: 140.40187 | Z78: 145.32276 | AA78: 33.342192 | AB78: 78.998428 | AC78: 124.65466 | AD78: 108.82975 | AE78: 121.87001 | AF78: 134.91028 | AG78: 144.06146 | AH78: 147.74716 | AI78: 151.43286 | AJ78: 162.12978 | AK78: 167.13685 | AL78: 172.14393 | AM78: 106.08816 | AN78: 110.24005 | AO78: 114.39194 | AP78: 11.706125 | AQ78: 17.805362 | AR78: 23.904599 | AS78: 83.357649 | AT78: 120.95781 | AU78: 158.55797 | AV78: 108.56593 | AW78: 120.41252 | AX78: 132.25912 | AY78: 53.810609 | AZ78: 65.630768 | BA78: 77.450928 | BB78: 97.754198 | BC78: 108.17312 | BD78: 118.59204 | BE78: 2.9277624 | BF78: 17.525939 | BG78: 32.124115 | BH78: 19.792411 | BI78: 40.654702 | BJ78: 61.516994 | BK78: 44.173828 | BL78: 56.522011 | BM78: 68.870195 | BN78: 89.460066 | BO78: 101.69831 | BP78: 113.93656 | BQ78: 73.801725 | BR78: 79.016301 | BS78: 84.230877 | BT78: 83.001795 | BU78: 85.273204 | BV78: 87.544612
A79: 20.2
A80: 20.3
A81: 20.4
A82: 21.1 | B82: PFK1 | C82: 97.06901 | D82: 101.27631 | E82: 105.48362 | F82: 67.203792 | G82: 79.35998 | H82: 91.516168 | I82: 133.83588 | J82: 169.83133 | K82: 205.82678 | L82: 102.15995 | M82: 129.26136 | N82: 156.36278 | O82: 72.531781 | P82: 87.874382 | Q82: 103.21698 | R82: 65.470094 | S82: 77.279083 | T82: 89.088072 | U82: 103.72817 | V82: 125.38159 | W82: 147.03502 | X82: 65.571102 | Y82: 79.242485 | Z82: 92.913867 | AA82: 117.47799 | AB82: 120.11262 | AC82: 122.74726 | AD82: 80.491202 | AE82: 90.589022 | AF82: 100.68684 | AG82: 65.809187 | AH82: 78.22085 | AI82: 90.632513 | AJ82: 69.220463 | AK82: 74.314913 | AL82: 79.409364 | AM82: 75.896899 | AN82: 85.473487 | AO82: 95.050074 | AP82: 196.22245 | AQ82: 229.42473 | AR82: 262.62702 | AS82: 60.061256 | AT82: 88.029346 | AU82: 115.99744 | AV82: 72.309238 | AW82: 77.341819 | AX82: 82.374399 | AY82: 65.782517 | AZ82: 72.246317 | BA82: 78.710117 | BB82: 72.190302 | BC82: 85.393818 | BD82: 98.597333 | BE82: 111.65208 | BF82: 135.75135 | BG82: 159.85062 | BH82: 80.313661 | BI82: 100.96779 | BJ82: 121.62192 | BK82: 129.21782 | BL82: 135.31575 | BM82: 141.41369 | BN82: 58.523714 | BO82: 62.052505 | BP82: 65.581296 | BQ82: 61.120805 | BR82: 63.031113 | BS82: 64.941421 | BT82: 49.832855 | BU82: 52.228033 | BV82: 54.62321
A83: 21.2
A84: 21.3
A85: 21.4
A86: 22.1 | B86: PFK2 | C86: 113.33772 | D86: 119.18208 | E86: 125.02643 | F86: 60.407788 | G86: 70.712268 | H86: 81.016748 | I86: 142.06414 | J86: 177.5379 | K86: 213.01166 | L86: 112.97035 | M86: 133.32994 | N86: 153.68953 | O86: 72.233862 | P86: 93.865186 | Q86: 115.49651 | R86: 73.424963 | S86: 82.718076 | T86: 92.011188 | U86: 118.96506 | V86: 131.27196 | W86: 143.57887 | X86: 77.862885 | Y86: 86.069011 | Z86: 94.275137 | AA86: 115.34708 | AB86: 120.20391 | AC86: 125.06073 | AD86: 82.696708 | AE86: 91.556967 | AF86: 100.41723 | AG86: 68.788404 | AH86: 77.954683 | AI86: 87.120962 | AJ86: 73.788232 | AK86: 77.399839 | AL86: 81.011446 | AM86: 75.672665 | AN86: 85.809905 | AO86: 95.947145 | AP86: 175.08406 | AQ86: 199.47989 | AR86: 223.87571 | AS86: 42.415274 | AT86: 72.36766 | AU86: 102.32005 | AV86: 69.906496 | AW86: 72.55432 | AX86: 75.202143 | AY86: 64.959078 | AZ86: 71.094581 | BA86: 77.230083 | BB86: 76.465623 | BC86: 83.82147 | BD86: 91.177316 | BE86: 115.61299 | BF86: 137.58473 | BG86: 159.55647 | BH86: 89.226842 | BI86: 108.27773 | BJ86: 127.32862 | BK86: 122.85012 | BL86: 134.14854 | BM86: 145.44697 | BN86: 64.511862 | BO86: 66.118536 | BP86: 67.725211 | BQ86: 56.859143 | BR86: 58.698774 | BS86: 60.538405 | BT86: 47.901308 | BU86: 48.242047 | BV86: 48.582785
A87: 22.2
A88: 22.3
A89: 22.4
A90: 23.1 | B90: FBP1 | C90: 0 | D90: 0 | E90: 0 | F90: 143.18857 | G90: 203.72192 | H90: 264.25526 | I90: 161.44358 | J90: 195.70652 | K90: 229.96946 | L90: 100.63039 | M90: 140.26876 | N90: 179.90713 | O90: 183.10031 | P90: 249.66417 | Q90: 316.22803 | R90: 24.735042 | S90: 49.090981 | T90: 73.44692 | U90: 221.34443 | V90: 241.43005 | W90: 261.51567 | X90: 29.989502 | Y90: 49.424155 | Z90: 68.858807 | AA90: 62.429201 | AB90: 120.8984 | AC90: 179.3676 | AD90: -5.204703 | AE90: 17.907516 | AF90: 41.019734 | AG90: 0 | AH90: 0 | AI90: 0 | AJ90: 0 | AK90: 0 | AL90: 0 | AM90: 0 | AN90: 0 | AO90: 0 | AP90: 0 | AQ90: 0 | AR90: 0 | AS90: 145.91162 | AT90: 160.68178 | AU90: 175.45194 | AV90: 154.78659 | AW90: 192.60882 | AX90: 230.43104 | AY90: 185.28583 | AZ90: 198.60312 | BA90: 211.92042 | BB90: 0 | BC90: 0 | BD90: 0 | BE90: 0 | BF90: 0 | BG90: 0 | BH90: 196.34883 | BI90: 250.90879 | BJ90: 305.46875 | BK90: 94.343292 | BL90: 123.80412 | BM90: 153.26495 | BN90: 3.9853539 | BO90: 6.3438478 | BP90: 8.7023417 | BQ90: 116.78101 | BR90: 154.07099 | BS90: 191.36097 | BT90: 33.988194 | BU90: 44.866073 | BV90: 55.743952
A91: 23.2
A92: 23.3
A93: 23.4
A94: 24.1 | B94: PFK26 | C94: 10.809962 | D94: 11.950947 | E94: 13.091933 | F94: 98.70221 | G94: 108.02044 | H94: 117.33867 | I94: 140.29332 | J94: 148.85229 | K94: 157.41125 | L94: 150.35243 | M94: 190.25437 | N94: 230.15632 | O94: 103.54135 | P94: 111.20806 | Q94: 118.87477 | R94: 82.472251 | S94: 114.90421 | T94: 147.33616 | U94: 79.820257 | V94: 95.60738 | W94: 111.3945 | X94: 134.491 | Y94: 136.75848 | Z94: 139.02596 | AA94: 136.92187 | AB94: 143.52178 | AC94: 150.1217 | AD94: 104.88029 | AE94: 114.8676 | AF94: 124.85491 | AG94: 55.258536 | AH94: 64.315601 | AI94: 73.372666 | AJ94: 73.304015 | AK94: 75.681192 | AL94: 78.058369 | AM94: 39.141953 | AN94: 45.398085 | AO94: 51.654217 | AP94: 98.793143 | AQ94: 120.21021 | AR94: 141.62728 | AS94: 138.96429 | AT94: 146.15063 | AU94: 153.33697 | AV94: 119.20822 | AW94: 138.87909 | AX94: 158.54996 | AY94: 104.47137 | AZ94: 113.64184 | BA94: 122.81231 | BB94: 32.117511 | BC94: 39.017472 | BD94: 45.917434 | BE94: 48.986384 | BF94: 60.903792 | BG94: 72.8212 | BH94: 71.459678 | BI94: 91.351502 | BJ94: 111.24333 | BK94: 141.49641 | BL94: 146.49714 | BM94: 151.49788 | BN94: 47.978179 | BO94: 57.766032 | BP94: 67.553886 | BQ94: 64.816539 | BR94: 67.015478 | BS94: 69.214417 | BT94: 52.167539 | BU94: 57.226362 | BV94: 62.285185
A95: 24.2
A96: 24.3
A97: 24.4
A98: 25.1 | B98: PFK27 | C98: #N/A | D98: #N/A | E98: #N/A | F98: #N/A | G98: #N/A | H98: #N/A | I98: #N/A | J98: #N/A | K98: #N/A | L98: #N/A | M98: #N/A | N98: #N/A | O98: #N/A | P98: #N/A | Q98: #N/A | R98: #N/A | S98: #N/A | T98: #N/A | U98: #N/A | V98: #N/A | W98: #N/A | X98: #N/A | Y98: #N/A | Z98: #N/A | AA98: #N/A | AB98: #N/A | AC98: #N/A | AD98: #N/A | AE98: #N/A | AF98: #N/A | AG98: #N/A | AH98: #N/A | AI98: #N/A | AJ98: #N/A | AK98: #N/A | AL98: #N/A | AM98: #N/A | AN98: #N/A | AO98: #N/A | AP98: #N/A | AQ98: #N/A | AR98: #N/A | AS98: #N/A | AT98: #N/A | AU98: #N/A | AV98: #N/A | AW98: #N/A | AX98: #N/A | AY98: #N/A | AZ98: #N/A | BA98: #N/A | BB98: #N/A | BC98: #N/A | BD98: #N/A | BE98: #N/A | BF98: #N/A | BG98: #N/A | BH98: #N/A | BI98: #N/A | BJ98: #N/A | BK98: #N/A | BL98: #N/A | BM98: #N/A | BN98: #N/A | BO98: #N/A | BP98: #N/A | BQ98: #N/A | BR98: #N/A | BS98: #N/A | BT98: #N/A | BU98: #N/A | BV98: #N/A
A99: 25.2
A100: 25.3
...

Sheet Sheet2
A1: 1.1 | B1: HXT1 | C1: =PROPER(B1) -> Hxt1 | D1: =Sheet3!C2 -> 204.51169 | E1: =Sheet3!D2 -> 251.76499 | F1: =Sheet3!E2 -> 299.01829 | V1: =Sheet3!AM2 -> 148.68883 | W1: =Sheet3!AN2 -> 273.16392 | X1: =Sheet3!AO2 -> 397.63901 | Y1: =Sheet3!AP2 -> 0 | Z1: =Sheet3!AQ2 -> 0 | AA1: =Sheet3!AR2 -> 0 | AB1: =Sheet3!BB2 -> -38.376494 | AC1: =Sheet3!BC2 -> 52.423266 | AD1: =Sheet3!BD2 -> 143.22303 | AE1: =Sheet3!BE2 -> 0 | AF1: =Sheet3!BF2 -> 0 | AG1: =Sheet3!BG2 -> 0
A2: 1.2 | D2: =Sheet3!F2 -> 0 | E2: =Sheet3!G2 -> 0 | F2: =Sheet3!H2 -> 0 | Y2: =Sheet3!AS2 -> 0 | Z2: =Sheet3!AT2 -> 0 | AA2: =Sheet3!AU2 -> 0 | AE2: =Sheet3!BH2 -> 0 | AF2: =Sheet3!BI2 -> 0 | AG2: =Sheet3!BJ2 -> 0
A3: 1.3 | G3: =Sheet3!I2 -> -44.009784 | H3: =Sheet3!J2 -> 60.118483 | I3: =Sheet3!K2 -> 164.24675 | J3: =Sheet3!O2 -> 0 | K3: =Sheet3!P2 -> 0 | L3: =Sheet3!Q2 -> 0 | M3: =Sheet3!U2 -> 0 | N3: =Sheet3!V2 -> 0 | O3: =Sheet3!W2 -> 0 | P3: =Sheet3!AA2 -> 289.45426 | Q3: =Sheet3!AB2 -> 359.34922 | R3: =Sheet3!AC2 -> 429.24417 | S3: =Sheet3!AG2 -> 394.31522 | T3: =Sheet3!AH2 -> 448.82894 | U3: =Sheet3!AI2 -> 503.34266 | Y3: =Sheet3!AV2 -> 0 | Z3: =Sheet3!AW2 -> 0 | AA3: =Sheet3!AX2 -> 0 | AE3: =Sheet3!BK2 -> -10.536439 | AF3: =Sheet3!BL2 -> 14.393043 | AG3: =Sheet3!BM2 -> 39.322526 | AH3: =Sheet3!BT2 -> 0 | AI3: =Sheet3!BU2 -> 0 | AJ3: =Sheet3!BV2 -> 0
A4: 1.4 | G4: =Sheet3!L2 -> -84.71704 | H4: =Sheet3!M2 -> 115.72563 | I4: =Sheet3!N2 -> 316.1683 | J4: =Sheet3!R2 -> -45.775575 | K4: =Sheet3!S2 -> 62.530598 | L4: =Sheet3!T2 -> 170.83677 | M4: =Sheet3!X2 -> -21.952928 | N4: =Sheet3!Y2 -> 29.988258 | O4: =Sheet3!Z2 -> 81.929444 | P4: =Sheet3!AD2 -> 303.38493 | Q4: =Sheet3!AE2 -> 378.39408 | R4: =Sheet3!AF2 -> 453.40323 | S4: =Sheet3!AJ2 -> 246.17376 | T4: =Sheet3!AK2 -> 353.31957 | U4: =Sheet3!AL2 -> 460.46539 | Y4: =Sheet3!AY2 -> 0 | Z4: =Sheet3!AZ2 -> 0 | AA4: =Sheet3!BA2 -> 0 | AE4: =Sheet3!BN2 -> 0 | AF4: =Sheet3!BO2 -> 0 | AG4: =Sheet3!BP2 -> 0 | AH4: =Sheet3!BT2 -> 0 | AI4: =Sheet3!BU2 -> 0 | AJ4: =Sheet3!BV2 -> 0
A5: 2.1 | B5: HXT2 | C5: =PROPER(B5) -> Hxt2 | D5: =Sheet3!C6 -> 48.648133 | E5: =Sheet3!D6 -> 59.659029 | F5: =Sheet3!E6 -> 70.669925 | V5: =Sheet3!AM6 -> 157.55821 | W5: =Sheet3!AN6 -> 181.44303 | X5: =Sheet3!AO6 -> 205.32785 | Y5: =Sheet3!AP6 -> 321.99507 | Z5: =Sheet3!AQ6 -> 408.50088 | AA5: =Sheet3!AR6 -> 495.0067 | AB5: =Sheet3!BB6 -> 55.341659 | AC5: =Sheet3!BC6 -> 158.24414 | AD5: =Sheet3!BD6 -> 261.14661 | AE5: =Sheet3!BE6 -> 370.9548 | AF5: =Sheet3!BF6 -> 404.5454 | AG5: =Sheet3!BG6 -> 438.13601
A6: 2.2 | D6: =Sheet3!F6 -> 24.717593 | E6: =Sheet3!G6 -> 37.739009 | F6: =Sheet3!H6 -> 50.760426 | Y6: =Sheet3!AS6 -> 62.784541 | Z6: =Sheet3!AT6 -> 63.690868 | AA6: =Sheet3!AU6 -> 64.597195 | AE6: =Sheet3!BH6 -> 183.40913 | AF6: =Sheet3!BI6 -> 235.37241 | AG6: =Sheet3!BJ6 -> 287.33568
A7: 2.3 | G7: =Sheet3!I6 -> 76.9948 | H7: =Sheet3!J6 -> 86.886682 | I7: =Sheet3!K6 -> 96.778565 | J7: =Sheet3!O6 -> 21.673666 | K7: =Sheet3!P6 -> 29.723328 | L7: =Sheet3!Q6 -> 37.77299 | M7: =Sheet3!U6 -> 23.101594 | N7: =Sheet3!V6 -> 32.569465 | O7: =Sheet3!W6 -> 42.037335 | P7: =Sheet3!AA6 -> 39.31734 | Q7: =Sheet3!AB6 -> 65.77888 | R7: =Sheet3!AC6 -> 92.24042 | S7: =Sheet3!AG6 -> 17.297532 | T7: =Sheet3!AH6 -> 35.181708 | U7: =Sheet3!AI6 -> 53.065885 | Y7: =Sheet3!AV6 -> 15.502828 | Z7: =Sheet3!AW6 -> 17.519952 | AA7: =Sheet3!AX6 -> 19.537075 | AE7: =Sheet3!BK6 -> 154.14608 | AF7: =Sheet3!BL6 -> 176.29131 | AG7: =Sheet3!BM6 -> 198.43653 | AH7: =Sheet3!BT6 -> 11.977355 | AI7: =Sheet3!BU6 -> 13.968968 | AJ7: =Sheet3!BV6 -> 15.960581
A8: 2.4 | G8: =Sheet3!L6 -> 33.150849 | H8: =Sheet3!M6 -> 81.273091 | I8: =Sheet3!N6 -> 129.39533 | J8: =Sheet3!R6 -> 13.12194 | K8: =Sheet3!S6 -> 26.568689 | L8: =Sheet3!T6 -> 40.015439 | M8: =Sheet3!X6 -> 24.117067 | N8: =Sheet3!Y6 -> 32.79338 | O8: =Sheet3!Z6 -> 41.469694 | P8: =Sheet3!AD6 -> 30.274016 | Q8: =Sheet3!AE6 -> 31.213996 | R8: =Sheet3!AF6 -> 32.153977 | S8: =Sheet3!AJ6 -> 4.0562377 | T8: =Sheet3!AK6 -> 31.728172 | U8: =Sheet3!AL6 -> 59.400107 | Y8: =Sheet3!AY6 -> 12.796062 | Z8: =Sheet3!AZ6 -> 24.747721 | AA8: =Sheet3!BA6 -> 36.69938 | AE8: =Sheet3!BN6 -> 108.35082 | AF8: =Sheet3!BO6 -> 140.94398 | AG8: =Sheet3!BP6 -> 173.53714 | AH8: =Sheet3!BT6 -> 11.977355 | AI8: =Sheet3!BU6 -> 13.968968 | AJ8: =Sheet3!BV6 -> 15.960581
A9: 3.1 | B9: HXT3 | C9: =PROPER(B9) -> Hxt3 | D9: =Sheet3!C10 -> 76.914903 | E9: =Sheet3!D10 -> 81.182226 | F9: =Sheet3!E10 -> 85.449548 | V9: =Sheet3!AM10 -> 59.110171 | W9: =Sheet3!AN10 -> 71.05307 | X9: =Sheet3!AO10 -> 82.995969 | Y9: =Sheet3!AP10 -> 36.904461 | Z9: =Sheet3!AQ10 -> 45.632524 | AA9: =Sheet3!AR10 -> 54.360586 | AB9: =Sheet3!BB10 -> 92.61711 | AC9: =Sheet3!BC10 -> 101.80664 | AD9: =Sheet3!BD10 -> 110.99618 | AE9: =Sheet3!BE10 -> 91.054782 | AF9: =Sheet3!BF10 -> 112.23934 | AG9: =Sheet3!BG10 -> 133.42389
A10: 3.2 | D10: =Sheet3!F10 -> 18.509349 | E10: =Sheet3!G10 -> 24.437712 | F10: =Sheet3!H10 -> 30.366075 | Y10: =Sheet3!AS10 -> -6.2751597 | Z10: =Sheet3!AT10 -> 13.272903 | AA10: =Sheet3!AU10 -> 32.820966 | AE10: =Sheet3!BH10 -> 56.182511 | AF10: =Sheet3!BI10 -> 61.448163 | AG10: =Sheet3!BJ10 -> 66.713814
A11: 3.3 | G11: =Sheet3!I10 -> 220.09613 | H11: =Sheet3!J10 -> 265.19689 | I11: =Sheet3!K10 -> 310.29766 | J11: =Sheet3!O10 -> 22.54549 | K11: =Sheet3!P10 -> 71.902265 | L11: =Sheet3!Q10 -> 121.25904 | M11: =Sheet3!U10 -> 67.826884 | N11: =Sheet3!V10 -> 87.674002 | O11: =Sheet3!W10 -> 107.52112 | P11: =Sheet3!AA10 -> 366.47714 | Q11: =Sheet3!AB10 -> 481.86492 | R11: =Sheet3!AC10 -> 597.25271 | S11: =Sheet3!AG10 -> 95.27141 | T11: =Sheet3!AH10 -> 103.36191 | U11: =Sheet3!AI10 -> 111.45241 | Y11: =Sheet3!AV10 -> 1.2103245 | Z11: =Sheet3!AW10 -> 36.105411 | AA11: =Sheet3!AX10 -> 71.000497 | AE11: =Sheet3!BK10 -> 16.348732 | AF11: =Sheet3!BL10 -> 23.438472 | AG11: =Sheet3!BM10 -> 30.528212 | AH11: =Sheet3!BT10 -> 12.192645 | AI11: =Sheet3!BU10 -> 22.415833 | AJ11: =Sheet3!BV10 -> 32.639021
A12: 3.4 | G12: =Sheet3!L10 -> 134.76125 | H12: =Sheet3!M10 -> 261.47164 | I12: =Sheet3!N10 -> 388.18202 | J12: =Sheet3!R10 -> 30.860971 | K12: =Sheet3!S10 -> 51.374871 | L12: =Sheet3!T10 -> 71.888771 | M12: =Sheet3!X10 -> 42.278365 | N12: =Sheet3!Y10 -> 61.257713 | O12: =Sheet3!Z10 -> 80.237062 | P12: =Sheet3!AD10 -> 190.66402 | Q12: =Sheet3!AE10 -> 288.10522 | R12: =Sheet3!AF10 -> 385.54642 | S12: =Sheet3!AJ10 -> 55.509069 | T12: =Sheet3!AK10 -> 61.271652 | U12: =Sheet3!AL10 -> 67.034236 | Y12: =Sheet3!AY10 -> 0.41763931 | Z12: =Sheet3!AZ10 -> 7.4648901 | AA12: =Sheet3!BA10 -> 14.512141 | AE12: =Sheet3!BN10 -> 32.079343 | AF12: =Sheet3!BO10 -> 36.36415 | AG12: =Sheet3!BP10 -> 40.648956 | AH12: =Sheet3!BT10 -> 12.192645 | AI12: =Sheet3!BU10 -> 22.415833 | AJ12: =Sheet3!BV10 -> 32.639021
A13: 4.1 | B13: HXT4 | C13: =PROPER(B13) -> Hxt4 | D13: =Sheet3!C14 -> 70.91079 | E13: =Sheet3!D14 -> 75.811643 | F13: =Sheet3!E14 -> 80.712496 | V13: =Sheet3!AM14 -> 131.52568 | W13: =Sheet3!AN14 -> 164.09176 | X13: =Sheet3!AO14 -> 196.65783 | Y13: =Sheet3!AP14 -> 84.664626 | Z13: =Sheet3!AQ14 -> 103.38199 | AA13: =Sheet3!AR14 -> 122.09935 | AB13: =Sheet3!BB14 -> 142.17103 | AC13: =Sheet3!BC14 -> 163.03225 | AD13: =Sheet3!BD14 -> 183.89347 | AE13: =Sheet3!BE14 -> 341.73005 | AF13: =Sheet3!BF14 -> 410.80779 | AG13: =Sheet3!BG14 -> 479.88553
A14: 4.2 | D14: =Sheet3!F14 -> -11.252874 | E14: =Sheet3!G14 -> 24.853552 | F14: =Sheet3!H14 -> 60.959979 | Y14: =Sheet3!AS14 -> 1.9740001 | Z14: =Sheet3!AT14 -> 15.359751 | AA14: =Sheet3!AU14 -> 28.745503 | AE14: =Sheet3!BH14 -> 131.97086 | AF14: =Sheet3!BI14 -> 137.12375 | AG14: =Sheet3!BJ14 -> 142.27663
A15: 4.3 | G15: =Sheet3!I14 -> 100.43082 | H15: =Sheet3!J14 -> 124.4074 | I15: =Sheet3!K14 -> 148.38398 | J15: =Sheet3!O14 -> 39.042794 | K15: =Sheet3!P14 -> 54.18848 | L15: =Sheet3!Q14 -> 69.334167 | M15: =Sheet3!U14 -> 39.277881 | N15: =Sheet3!V14 -> 67.6159 | O15: =Sheet3!W14 -> 95.95392 | P15: =Sheet3!AA14 -> 182.75981 | Q15: =Sheet3!AB14 -> 243.58393 | R15: =Sheet3!AC14 -> 304.40805 | S15: =Sheet3!AG14 -> 59.413456 | T15: =Sheet3!AH14 -> 71.110492 | U15: =Sheet3!AI14 -> 82.807528 | Y15: =Sheet3!AV14 -> 23.22073 | Z15: =Sheet3!AW14 -> 64.640297 | AA15: =Sheet3!AX14 -> 106.05986 | AE15: =Sheet3!BK14 -> 44.136144 | AF15: =Sheet3!BL14 -> 46.468664 | AG15: =Sheet3!BM14 -> 48.801184 | AH15: =Sheet3!BT14 -> 26.278607 | AI15: =Sheet3!BU14 -> 28.99771 | AJ15: =Sheet3!BV14 -> 31.716813
A16: 4.4 | G16: =Sheet3!L14 -> 68.207738 | H16: =Sheet3!M14 -> 175.14662 | I16: =Sheet3!N14 -> 282.08549 | J16: =Sheet3!R14 -> 7.6467786 | K16: =Sheet3!S14 -> 34.398196 | L16: =Sheet3!T14 -> 61.149614 | M16: =Sheet3!X14 -> -15.726632 | N16: =Sheet3!Y14 -> 21.482979 | O16: =Sheet3!Z14 -> 58.69259 | P16: =Sheet3!AD14 -> 111.53158 | Q16: =Sheet3!AE14 -> 131.07569 | R16: =Sheet3!AF14 -> 150.61979 | S16: =Sheet3!AJ14 -> 29.118784 | T16: =Sheet3!AK14 -> 30.603914 | U16: =Sheet3!AL14 -> 32.089045 | Y16: =Sheet3!AY14 -> 13.779977 | Z16: =Sheet3!AZ14 -> 21.723016 | AA16: =Sheet3!BA14 -> 29.666055 | AE16: =Sheet3!BN14 -> 119.87347 | AF16: =Sheet3!BO14 -> 137.97229 | AG16: =Sheet3!BP14 -> 156.07112 | AH16: =Sheet3!BT14 -> 26.278607 | AI16: =Sheet3!BU14 -> 28.99771 | AJ16: =Sheet3!BV14 -> 31.716813
A17: 5.1 | B17: HXT5 | C17: =PROPER(B17) -> Hxt5 | D17: =Sheet3!C18 -> 0 | E17: =Sheet3!D18 -> 0 | F17: =Sheet3!E18 -> 0 | V17: =Sheet3!AM18 -> 11.288068 | W17: =Sheet3!AN18 -> 14.538062 | X17: =Sheet3!AO18 -> 17.788055 | Y17: =Sheet3!AP18 -> 32.811534 | Z17: =Sheet3!AQ18 -> 37.154788 | AA17: =Sheet3!AR18 -> 41.498042 | AB17: =Sheet3!BB18 -> 6.5511616 | AC17: =Sheet3!BC18 -> 13.248578 | AD17: =Sheet3!BD18 -> 19.945994 | AE17: =Sheet3!BE18 -> 6.0646095 | AF17: =Sheet3!BF18 -> 14.752472 | AG17: =Sheet3!BG18 -> 23.440335
A18: 5.2 | D18: =Sheet3!F18 -> 72.712086 | E18: =Sheet3!G18 -> 96.940713 | F18: =Sheet3!H18 -> 121.16934 | Y18: =Sheet3!AS18 -> -4.1710168 | Z18: =Sheet3!AT18 -> 180.64711 | AA18: =Sheet3!AU18 -> 365.46523 | AE18: =Sheet3!BH18 -> 127.96373 | AF18: =Sheet3!BI18 -> 230.12623 | AG18: =Sheet3!BJ18 -> 332.28872
A19: 5.3 | G19: =Sheet3!I18 -> 174.90962 | H19: =Sheet3!J18 -> 259.3827 | I19: =Sheet3!K18 -> 343.85577 | J19: =Sheet3!O18 -> 49.052266 | K19: =Sheet3!P18 -> 124.51453 | L19: =Sheet3!Q18 -> 199.9768 | M19: =Sheet3!U18 -> 178.37044 | N19: =Sheet3!V18 -> 261.41531 | O19: =Sheet3!W18 -> 344.46018 | P19: =Sheet3!AA18 -> 36.549468 | Q19: =Sheet3!AB18 -> 41.603547 | R19: =Sheet3!AC18 -> 46.657626 | S19: =Sheet3!AG18 -> 19.576798 | T19: =Sheet3!AH18 -> 22.869813 | U19: =Sheet3!AI18 -> 26.162829 | Y19: =Sheet3!AV18 -> 51.924249 | Z19: =Sheet3!AW18 -> 106.74687 | AA19: =Sheet3!AX18 -> 161.5695 | AE19: =Sheet3!BK18 -> 370.49704 | AF19: =Sheet3!BL18 -> 389.46945 | AG19: =Sheet3!BM18 -> 408.44186 | AH19: =Sheet3!BT18 -> 76.688696 | AI19: =Sheet3!BU18 -> 81.165204 | AJ19: =Sheet3!BV18 -> 85.641712
A20: 5.4 | G20: =Sheet3!L18 -> 53.276979 | H20: =Sheet3!M18 -> 97.509631 | I20: =Sheet3!N18 -> 141.74228 | J20: =Sheet3!R18 -> 51.694195 | K20: =Sheet3!S18 -> 82.623092 | L20: =Sheet3!T18 -> 113.55199 | M20: =Sheet3!X18 -> 31.010272 | N20: =Sheet3!Y18 -> 69.938104 | O20: =Sheet3!Z18 -> 108.86594 | P20: =Sheet3!AD18 -> 0.6430057 | Q20: =Sheet3!AE18 -> 5.3444454 | R20: =Sheet3!AF18 -> 10.045885 | S20: =Sheet3!AJ18 -> 22.413737 | T20: =Sheet3!AK18 -> 24.232878 | U20: =Sheet3!AL18 -> 26.052019 | Y20: =Sheet3!AY18 -> 46.224013 | Z20: =Sheet3!AZ18 -> 59.595927 | AA20: =Sheet3!BA18 -> 72.967841 | AE20: =Sheet3!BN18 -> 57.234453 | AF20: =Sheet3!BO18 -> 65.51868 | AG20: =Sheet3!BP18 -> 73.802907 | AH20: =Sheet3!BT18 -> 76.688696 | AI20: =Sheet3!BU18 -> 81.165204 | AJ20: =Sheet3!BV18 -> 85.641712
A21: 6.1 | B21: HXT6 | C21: =PROPER(B21) -> Hxt6 | D21: =Sheet3!C22 -> 0 | E21: =Sheet3!D22 -> 0 | F21: =Sheet3!E22 -> 0 | V21: =Sheet3!AM22 -> 8.8378789 | W21: =Sheet3!AN22 -> 12.580469 | X21: =Sheet3!AO22 -> 16.32306 | Y21: =Sheet3!AP22 -> 212.25097 | Z21: =Sheet3!AQ22 -> 365.66314 | AA21: =Sheet3!AR22 -> 519.0753 | AB21: =Sheet3!BB22 -> 0.57793631 | AC21: =Sheet3!BC22 -> 5.135431 | AD21: =Sheet3!BD22 -> 9.6929258 | AE21: =Sheet3!BE22 -> 75.635906 | AF21: =Sheet3!BF22 -> 220.14468 | AG21: =Sheet3!BG22 -> 364.65346
A22: 6.2 | D22: =Sheet3!F22 -> -0.77867727 | E22: =Sheet3!G22 -> 3.7877519 | F22: =Sheet3!H22 -> 8.3541812 | Y22: =Sheet3!AS22 -> -36.844398 | Z22: =Sheet3!AT22 -> 74.93704 | AA22: =Sheet3!AU22 -> 186.71848 | AE22: =Sheet3!BH22 -> 240.46215 | AF22: =Sheet3!BI22 -> 510.30736 | AG22: =Sheet3!BJ22 -> 780.15256
A23: 6.3 | G23: =Sheet3!I22 -> 42.463768 | H23: =Sheet3!J22 -> 61.032882 | I23: =Sheet3!K22 -> 79.601995 | J23: =Sheet3!O22 -> -1.2705752 | K23: =Sheet3!P22 -> 1.735638 | L23: =Sheet3!Q22 -> 4.7418511 | M23: =Sheet3!U22 -> 1.8916577 | N23: =Sheet3!V22 -> 14.13429 | O23: =Sheet3!W22 -> 26.376923 | P23: =Sheet3!AA22 -> 75.74922 | Q23: =Sheet3!AB22 -> 218.58068 | R23: =Sheet3!AC22 -> 361.41213 | S23: =Sheet3!AG22 -> 0 | T23: =Sheet3!AH22 -> 0 | U23: =Sheet3!AI22 -> 0 | Y23: =Sheet3!AV22 -> 29.356056 | Z23: =Sheet3!AW22 -> 55.184949 | AA23: =Sheet3!AX22 -> 81.013843 | AE23: =Sheet3!BK22 -> 487.56655 | AF23: =Sheet3!BL22 -> 574.56862 | AG23: =Sheet3!BM22 -> 661.5707 | AH23: =Sheet3!BT22 -> 45.152406 | AI23: =Sheet3!BU22 -> 52.697245 | AJ23: =Sheet3!BV22 -> 60.242085
A24: 6.4 | G24: =Sheet3!L22 -> 19.671664 | H24: =Sheet3!M22 -> 40.698988 | I24: =Sheet3!N22 -> 61.726313 | J24: =Sheet3!R22 -> 0.85464506 | K24: =Sheet3!S22 -> 6.4930973 | L24: =Sheet3!T22 -> 12.13155 | M24: =Sheet3!X22 -> -0.42878468 | N24: =Sheet3!Y22 -> 0.58573077 | O24: =Sheet3!Z22 -> 1.6002462 | P24: =Sheet3!AD22 -> 19.36407 | Q24: =Sheet3!AE22 -> 57.459492 | R24: =Sheet3!AF22 -> 95.554914 | S24: =Sheet3!AJ22 -> 0 | T24: =Sheet3!AK22 -> 0 | U24: =Sheet3!AL22 -> 0 | Y24: =Sheet3!AY22 -> -3.6095688 | Z24: =Sheet3!AZ22 -> 18.634903 | AA24: =Sheet3!BA22 -> 40.879374 | AE24: =Sheet3!BN22 -> 70.692703 | AF24: =Sheet3!BO22 -> 83.77604 | AG24: =Sheet3!BP22 -> 96.859376 | AH24: =Sheet3!BT22 -> 45.152406 | AI24: =Sheet3!BU22 -> 52.697245 | AJ24: =Sheet3!BV22 -> 60.242085
A25: 7.1 | B25: HXT7 | C25: =PROPER(B25) -> Hxt7 | D25: =Sheet3!C26 -> 0 | E25: =Sheet3!D26 -> 0 | F25: =Sheet3!E26 -> 0 | V25: =Sheet3!AM26 -> 53.210173 | W25: =Sheet3!AN26 -> 76.039058 | X25: =Sheet3!AO26 -> 98.867944 | Y25: =Sheet3!AP26 -> 459.10156 | Z25: =Sheet3!AQ26 -> 570.60132 | AA25: =Sheet3!AR26 -> 682.10109 | AB25: =Sheet3!BB26 -> 30.554312 | AC25: =Sheet3!BC26 -> 50.746252 | AD25: =Sheet3!BD26 -> 70.938191 | AE25: =Sheet3!BE26 -> 226.58184 | AF25: =Sheet3!BF26 -> 418.95927 | AG25: =Sheet3!BG26 -> 611.3367
A26: 7.2 | D26: =Sheet3!F26 -> -0.57768729 | E26: =Sheet3!G26 -> 0.78913551 | F26: =Sheet3!H26 -> 2.1559583 | Y26: =Sheet3!AS26 -> -12.491611 | Z26: =Sheet3!AT26 -> 38.665336 | AA26: =Sheet3!AU26 -> 89.822283 | AE26: =Sheet3!BH26 -> 226.18249 | AF26: =Sheet3!BI26 -> 327.77615 | AG26: =Sheet3!BJ26 -> 429.36982
A27: 7.3 | G27: =Sheet3!I26 -> 35.184735 | H27: =Sheet3!J26 -> 44.633166 | I27: =Sheet3!K26 -> 54.081596 | J27: =Sheet3!O26 -> -1.9332041 | K27: =Sheet3!P26 -> 2.6408059 | L27: =Sheet3!Q26 -> 7.2148158 | M27: =Sheet3!U26 -> 6.4506923 | N27: =Sheet3!V26 -> 8.4039156 | O27: =Sheet3!W26 -> 10.357139 | P27: =Sheet3!AA26 -> 69.810459 | Q27: =Sheet3!AB26 -> 149.36115 | R27: =Sheet3!AC26 -> 228.91185 | S27: =Sheet3!AG26 -> -2.0100492 | T27: =Sheet3!AH26 -> 2.7457783 | U27: =Sheet3!AI26 -> 7.5016059 | Y27: =Sheet3!AV26 -> 16.936631 | Z27: =Sheet3!AW26 -> 36.201364 | AA27: =Sheet3!AX26 -> 55.466098 | AE27: =Sheet3!BK26 -> 301.32544 | AF27: =Sheet3!BL26 -> 366.85965 | AG27: =Sheet3!BM26 -> 432.39386 | AH27: =Sheet3!BT26 -> 10.968861 | AI27: =Sheet3!BU26 -> 17.368479 | AJ27: =Sheet3!BV26 -> 23.768097
A28: 7.4 | G28: =Sheet3!L26 -> 13.749028 | H28: =Sheet3!M26 -> 24.93879 | I28: =Sheet3!N26 -> 36.128552 | J28: =Sheet3!R26 -> 1.8795248 | K28: =Sheet3!S26 -> 6.9249128 | L28: =Sheet3!T26 -> 11.970301 | M28: =Sheet3!X26 -> -1.4948393 | N28: =Sheet3!Y26 -> 2.0419885 | O28: =Sheet3!Z26 -> 5.5788163 | P28: =Sheet3!AD26 -> 18.754109 | Q28: =Sheet3!AE26 -> 41.021921 | R28: =Sheet3!AF26 -> 63.289732 | S28: =Sheet3!AJ26 -> 0 | T28: =Sheet3!AK26 -> 0 | U28: =Sheet3!AL26 -> 0 | Y28: =Sheet3!AY26 -> 9.5448018 | Z28: =Sheet3!AZ26 -> 17.829207 | AA28: =Sheet3!BA26 -> 26.113611 | AE28: =Sheet3!BN26 -> 148.59464 | AF28: =Sheet3!BO26 -> 179.53678 | AG28: =Sheet3!BP26 -> 210.47892 | AH28: =Sheet3!BT26 -> 10.968861 | AI28: =Sheet3!BU26 -> 17.368479 | AJ28: =Sheet3!BV26 -> 23.768097
A29: 8.1 | B29: HXT8 | C29: =PROPER(B29) -> Hxt8 | D29: =Sheet3!C30 -> #N/A | E29: =Sheet3!D30 -> #N/A | F29: =Sheet3!E30 -> #N/A | V29: =Sheet3!AM30 -> #N/A | W29: =Sheet3!AN30 -> #N/A | X29: =Sheet3!AO30 -> #N/A | Y29: =Sheet3!AP30 -> #N/A | Z29: =Sheet3!AQ30 -> #N/A | AA29: =Sheet3!AR30 -> #N/A | AB29: =Sheet3!BB30 -> #N/A | AC29: =Sheet3!BC30 -> #N/A | AD29: =Sheet3!BD30 -> #N/A | AE29: =Sheet3!BE30 -> #N/A | AF29: =Sheet3!BF30 -> #N/A | AG29: =Sheet3!BG30 -> #N/A
A30: 8.2 | D30: =Sheet3!F30 -> #N/A | E30: =Sheet3!G30 -> #N/A | F30: =Sheet3!H30 -> #N/A | Y30: =Sheet3!AS30 -> #N/A | Z30: =Sheet3!AT30 -> #N/A | AA30: =Sheet3!AU30 -> #N/A | AE30: =Sheet3!BH30 -> #N/A | AF30: =Sheet3!BI30 -> #N/A | AG30: =Sheet3!BJ30 -> #N/A
A31: 8.3 | G31: =Sheet3!I30 -> #N/A | H31: =Sheet3!J30 -> #N/A | I31: =Sheet3!K30 -> #N/A | J31: =Sheet3!O30 -> #N/A | K31: =Sheet3!P30 -> #N/A | L31: =Sheet3!Q30 -> #N/A | M31: =Sheet3!U30 -> #N/A | N31: =Sheet3!V30 -> #N/A | O31: =Sheet3!W30 -> #N/A | P31: =Sheet3!AA30 -> #N/A | Q31: =Sheet3!AB30 -> #N/A | R31: =Sheet3!AC30 -> #N/A | S31: =Sheet3!AG30 -> #N/A | T31: =Sheet3!AH30 -> #N/A | U31: =Sheet3!AI30 -> #N/A | Y31: =Sheet3!AV30 -> #N/A | Z31: =Sheet3!AW30 -> #N/A | AA31: =Sheet3!AX30 -> #N/A | AE31: =Sheet3!BK30 -> #N/A | AF31: =Sheet3!BL30 -> #N/A | AG31: =Sheet3!BM30 -> #N/A | AH31: =Sheet3!BT30 -> #N/A | AI31: =Sheet3!BU30 -> #N/A | AJ31: =Sheet3!BV30 -> #N/A
A32: 8.4 | G32: =Sheet3!L30 -> #N/A | H32: =Sheet3!M30 -> #N/A | I32: =Sheet3!N30 -> #N/A | J32: =Sheet3!R30 -> #N/A | K32: =Sheet3!S30 -> #N/A | L32: =Sheet3!T30 -> #N/A | M32: =Sheet3!X30 -> #N/A | N32: =Sheet3!Y30 -> #N/A | O32: =Sheet3!Z30 -> #N/A | P32: =Sheet3!AD30 -> #N/A | Q32: =Sheet3!AE30 -> #N/A | R32: =Sheet3!AF30 -> #N/A | S32: =Sheet3!AJ30 -> #N/A | T32: =Sheet3!AK30 -> #N/A | U32: =Sheet3!AL30 -> #N/A | Y32: =Sheet3!AY30 -> #N/A | Z32: =Sheet3!AZ30 -> #N/A | AA32: =Sheet3!BA30 -> #N/A | AE32: =Sheet3!BN30 -> #N/A | AF32: =Sheet3!BO30 -> #N/A | AG32: =Sheet3!BP30 -> #N/A | AH32: =Sheet3!BT30 -> #N/A | AI32: =Sheet3!BU30 -> #N/A | AJ32: =Sheet3!BV30 -> #N/A
A33: 9.1 | B33: HXT10 | C33: =PROPER(B33) -> Hxt10 | D33: =Sheet3!C34 -> #N/A | E33: =Sheet3!D34 -> #N/A | F33: =Sheet3!E34 -> #N/A | V33: =Sheet3!AM34 -> #N/A | W33: =Sheet3!AN34 -> #N/A | X33: =Sheet3!AO34 -> #N/A | Y33: =Sheet3!AP34 -> #N/A | Z33: =Sheet3!AQ34 -> #N/A | AA33: =Sheet3!AR34 -> #N/A | AB33: =Sheet3!BB34 -> #N/A | AC33: =Sheet3!BC34 -> #N/A | AD33: =Sheet3!BD34 -> #N/A | AE33: =Sheet3!BE34 -> #N/A | AF33: =Sheet3!BF34 -> #N/A | AG33: =Sheet3!BG34 -> #N/A
A34: 9.2 | D34: =Sheet3!F34 -> #N/A | E34: =Sheet3!G34 -> #N/A | F34: =Sheet3!H34 -> #N/A | Y34: =Sheet3!AS34 -> #N/A | Z34: =Sheet3!AT34 -> #N/A | AA34: =Sheet3!AU34 -> #N/A | AE34: =Sheet3!BH34 -> #N/A | AF34: =Sheet3!BI34 -> #N/A | AG34: =Sheet3!BJ34 -> #N/A
A35: 9.3 | G35: =Sheet3!I34 -> #N/A | H35: =Sheet3!J34 -> #N/A | I35: =Sheet3!K34 -> #N/A | J35: =Sheet3!O34 -> #N/A | K35: =Sheet3!P34 -> #N/A | L35: =Sheet3!Q34 -> #N/A | M35: =Sheet3!U34 -> #N/A | N35: =Sheet3!V34 -> #N/A | O35: =Sheet3!W34 -> #N/A | P35: =Sheet3!AA34 -> #N/A | Q35: =Sheet3!AB34 -> #N/A | R35: =Sheet3!AC34 -> #N/A | S35: =Sheet3!AG34 -> #N/A | T35: =Sheet3!AH34 -> #N/A | U35: =Sheet3!AI34 -> #N/A | Y35: =Sheet3!AV34 -> #N/A | Z35: =Sheet3!AW34 -> #N/A | AA35: =Sheet3!AX34 -> #N/A | AE35: =Sheet3!BK34 -> #N/A | AF35: =Sheet3!BL34 -> #N/A | AG35: =Sheet3!BM34 -> #N/A | AH35: =Sheet3!BT34 -> #N/A | AI35: =Sheet3!BU34 -> #N/A | AJ35: =Sheet3!BV34 -> #N/A
A36: 9.4 | G36: =Sheet3!L34 -> #N/A | H36: =Sheet3!M34 -> #N/A | I36: =Sheet3!N34 -> #N/A | J36: =Sheet3!R34 -> #N/A | K36: =Sheet3!S34 -> #N/A | L36: =Sheet3!T34 -> #N/A | M36: =Sheet3!X34 -> #N/A | N36: =Sheet3!Y34 -> #N/A | O36: =Sheet3!Z34 -> #N/A | P36: =Sheet3!AD34 -> #N/A | Q36: =Sheet3!AE34 -> #N/A | R36: =Sheet3!AF34 -> #N/A | S36: =Sheet3!AJ34 -> #N/A | T36: =Sheet3!AK34 -> #N/A | U36: =Sheet3!AL34 -> #N/A | Y36: =Sheet3!AY34 -> #N/A | Z36: =Sheet3!AZ34 -> #N/A | AA36: =Sheet3!BA34 -> #N/A | AE36: =Sheet3!BN34 -> #N/A | AF36: =Sheet3!BO34 -> #N/A | AG36: =Sheet3!BP34 -> #N/A | AH36: =Sheet3!BT34 -> #N/A | AI36: =Sheet3!BU34 -> #N/A | AJ36: =Sheet3!BV34 -> #N/A
A37: 10.1 | B37: HXT11 | C37: =PROPER(B37) -> Hxt11 | D37: =Sheet3!C38 -> #N/A | E37: =Sheet3!D38 -> #N/A | F37: =Sheet3!E38 -> #N/A | V37: =Sheet3!AM38 -> #N/A | W37: =Sheet3!AN38 -> #N/A | X37: =Sheet3!AO38 -> #N/A | Y37: =Sheet3!AP38 -> #N/A | Z37: =Sheet3!AQ38 -> #N/A | AA37: =Sheet3!AR38 -> #N/A | AB37: =Sheet3!BB38 -> #N/A | AC37: =Sheet3!BC38 -> #N/A | AD37: =Sheet3!BD38 -> #N/A | AE37: =Sheet3!BE38 -> #N/A | AF37: =Sheet3!BF38 -> #N/A | AG37: =Sheet3!BG38 -> #N/A
A38: 10.2 | D38: =Sheet3!F38 -> #N/A | E38: =Sheet3!G38 -> #N/A | F38: =Sheet3!H38 -> #N/A | Y38: =Sheet3!AS38 -> #N/A | Z38: =Sheet3!AT38 -> #N/A | AA38: =Sheet3!AU38 -> #N/A | AE38: =Sheet3!BH38 -> #N/A | AF38: =Sheet3!BI38 -> #N/A | AG38: =Sheet3!BJ38 -> #N/A
A39: 10.3 | G39: =Sheet3!I38 -> #N/A | H39: =Sheet3!J38 -> #N/A | I39: =Sheet3!K38 -> #N/A | J39: =Sheet3!O38 -> #N/A | K39: =Sheet3!P38 -> #N/A | L39: =Sheet3!Q38 -> #N/A | M39: =Sheet3!U38 -> #N/A | N39: =Sheet3!V38 -> #N/A | O39: =Sheet3!W38 -> #N/A | P39: =Sheet3!AA38 -> #N/A | Q39: =Sheet3!AB38 -> #N/A | R39: =Sheet3!AC38 -> #N/A | S39: =Sheet3!AG38 -> #N/A | T39: =Sheet3!AH38 -> #N/A | U39: =Sheet3!AI38 -> #N/A | Y39: =Sheet3!AV38 -> #N/A | Z39: =Sheet3!AW38 -> #N/A | AA39: =Sheet3!AX38 -> #N/A | AE39: =Sheet3!BK38 -> #N/A | AF39: =Sheet3!BL38 -> #N/A | AG39: =Sheet3!BM38 -> #N/A | AH39: =Sheet3!BT38 -> #N/A | AI39: =Sheet3!BU38 -> #N/A | AJ39: =Sheet3!BV38 -> #N/A
A40: 10.4 | G40: =Sheet3!L38 -> #N/A | H40: =Sheet3!M38 -> #N/A | I40: =Sheet3!N38 -> #N/A | J40: =Sheet3!R38 -> #N/A | K40: =Sheet3!S38 -> #N/A | L40: =Sheet3!T38 -> #N/A | M40: =Sheet3!X38 -> #N/A | N40: =Sheet3!Y38 -> #N/A | O40: =Sheet3!Z38 -> #N/A | P40: =Sheet3!AD38 -> #N/A | Q40: =Sheet3!AE38 -> #N/A | R40: =Sheet3!AF38 -> #N/A | S40: =Sheet3!AJ38 -> #N/A | T40: =Sheet3!AK38 -> #N/A | U40: =Sheet3!AL38 -> #N/A | Y40: =Sheet3!AY38 -> #N/A | Z40: =Sheet3!AZ38 -> #N/A | AA40: =Sheet3!BA38 -> #N/A | AE40: =Sheet3!BN38 -> #N/A | AF40: =Sheet3!BO38 -> #N/A | AG40: =Sheet3!BP38 -> #N/A | AH40: =Sheet3!BT38 -> #N/A | AI40: =Sheet3!BU38 -> #N/A | AJ40: =Sheet3!BV38 -> #N/A
A41: 11.1 | B41: HXT13 | C41: =PROPER(B41) -> Hxt13 | D41: =Sheet3!C42 -> #N/A | E41: =Sheet3!D42 -> #N/A | F41: =Sheet3!E42 -> #N/A | V41: =Sheet3!AM42 -> #N/A | W41: =Sheet3!AN42 -> #N/A | X41: =Sheet3!AO42 -> #N/A | Y41: =Sheet3!AP42 -> #N/A | Z41: =Sheet3!AQ42 -> #N/A | AA41: =Sheet3!AR42 -> #N/A | AB41: =Sheet3!BB42 -> #N/A | AC41: =Sheet3!BC42 -> #N/A | AD41: =Sheet3!BD42 -> #N/A | AE41: =Sheet3!BE42 -> #N/A | AF41: =Sheet3!BF42 -> #N/A | AG41: =Sheet3!BG42 -> #N/A
A42: 11.2 | D42: =Sheet3!F42 -> #N/A | E42: =Sheet3!G42 -> #N/A | F42: =Sheet3!H42 -> #N/A | Y42: =Sheet3!AS42 -> #N/A | Z42: =Sheet3!AT42 -> #N/A | AA42: =Sheet3!AU42 -> #N/A | AE42: =Sheet3!BH42 -> #N/A | AF42: =Sheet3!BI42 -> #N/A | AG42: =Sheet3!BJ42 -> #N/A
A43: 11.3 | G43: =Sheet3!I42 -> #N/A | H43: =Sheet3!J42 -> #N/A | I43: =Sheet3!K42 -> #N/A | J43: =Sheet3!O42 -> #N/A | K43: =Sheet3!P42 -> #N/A | L43: =Sheet3!Q42 -> #N/A | M43: =Sheet3!U42 -> #N/A | N43: =Sheet3!V42 -> #N/A | O43: =Sheet3!W42 -> #N/A | P43: =Sheet3!AA42 -> #N/A | Q43: =Sheet3!AB42 -> #N/A | R43: =Sheet3!AC42 -> #N/A | S43: =Sheet3!AG42 -> #N/A | T43: =Sheet3!AH42 -> #N/A | U43: =Sheet3!AI42 -> #N/A | Y43: =Sheet3!AV42 -> #N/A | Z43: =Sheet3!AW42 -> #N/A | AA43: =Sheet3!AX42 -> #N/A | AE43: =Sheet3!BK42 -> #N/A | AF43: =Sheet3!BL42 -> #N/A | AG43: =Sheet3!BM42 -> #N/A | AH43: =Sheet3!BT42 -> #N/A | AI43: =Sheet3!BU42 -> #N/A | AJ43: =Sheet3!BV42 -> #N/A
A44: 11.4 | G44: =Sheet3!L42 -> #N/A | H44: =Sheet3!M42 -> #N/A | I44: =Sheet3!N42 -> #N/A | J44: =Sheet3!R42 -> #N/A | K44: =Sheet3!S42 -> #N/A | L44: =Sheet3!T42 -> #N/A | M44: =Sheet3!X42 -> #N/A | N44: =Sheet3!Y42 -> #N/A | O44: =Sheet3!Z42 -> #N/A | P44: =Sheet3!AD42 -> #N/A | Q44: =Sheet3!AE42 -> #N/A | R44: =Sheet3!AF42 -> #N/A | S44: =Sheet3!AJ42 -> #N/A | T44: =Sheet3!AK42 -> #N/A | U44: =Sheet3!AL42 -> #N/A | Y44: =Sheet3!AY42 -> #N/A | Z44: =Sheet3!AZ42 -> #N/A | AA44: =Sheet3!BA42 -> #N/A | AE44: =Sheet3!BN42 -> #N/A | AF44: =Sheet3!BO42 -> #N/A | AG44: =Sheet3!BP42 -> #N/A | AH44: =Sheet3!BT42 -> #N/A | AI44: =Sheet3!BU42 -> #N/A | AJ44: =Sheet3!BV42 -> #N/A
A45: 12.1 | B45: HXT14 | C45: =PROPER(B45) -> Hxt14 | D45: =Sheet3!C46 -> #N/A | E45: =Sheet3!D46 -> #N/A | F45: =Sheet3!E46 -> #N/A | V45: =Sheet3!AM46 -> #N/A | W45: =Sheet3!AN46 -> #N/A | X45: =Sheet3!AO46 -> #N/A | Y45: =Sheet3!AP46 -> #N/A | Z45: =Sheet3!AQ46 -> #N/A | AA45: =Sheet3!AR46 -> #N/A | AB45: =Sheet3!BB46 -> #N/A | AC45: =Sheet3!BC46 -> #N/A | AD45: =Sheet3!BD46 -> #N/A | AE45: =Sheet3!BE46 -> #N/A | AF45: =Sheet3!BF46 -> #N/A | AG45: =Sheet3!BG46 -> #N/A
A46: 12.2 | D46: =Sheet3!F46 -> #N/A | E46: =Sheet3!G46 -> #N/A | F46: =Sheet3!H46 -> #N/A | Y46: =Sheet3!AS46 -> #N/A | Z46: =Sheet3!AT46 -> #N/A | AA46: =Sheet3!AU46 -> #N/A | AE46: =Sheet3!BH46 -> #N/A | AF46: =Sheet3!BI46 -> #N/A | AG46: =Sheet3!BJ46 -> #N/A
A47: 12.3 | G47: =Sheet3!I46 -> #N/A | H47: =Sheet3!J46 -> #N/A | I47: =Sheet3!K46 -> #N/A | J47: =Sheet3!O46 -> #N/A | K47: =Sheet3!P46 -> #N/A | L47: =Sheet3!Q46 -> #N/A | M47: =Sheet3!U46 -> #N/A | N47: =Sheet3!V46 -> #N/A | O47: =Sheet3!W46 -> #N/A | P47: =Sheet3!AA46 -> #N/A | Q47: =Sheet3!AB46 -> #N/A | R47: =Sheet3!AC46 -> #N/A | S47: =Sheet3!AG46 -> #N/A | T47: =Sheet3!AH46 -> #N/A | U47: =Sheet3!AI46 -> #N/A | Y47: =Sheet3!AV46 -> #N/A | Z47: =Sheet3!AW46 -> #N/A | AA47: =Sheet3!AX46 -> #N/A | AE47: =Sheet3!BK46 -> #N/A | AF47: =Sheet3!BL46 -> #N/A | AG47: =Sheet3!BM46 -> #N/A | AH47: =Sheet3!BT46 -> #N/A | AI47: =Sheet3!BU46 -> #N/A | AJ47: =Sheet3!BV46 -> #N/A
A48: 12.4 | G48: =Sheet3!L46 -> #N/A | H48: =Sheet3!M46 -> #N/A | I48: =Sheet3!N46 -> #N/A | J48: =Sheet3!R46 -> #N/A | K48: =Sheet3!S46 -> #N/A | L48: =Sheet3!T46 -> #N/A | M48: =Sheet3!X46 -> #N/A | N48: =Sheet3!Y46 -> #N/A | O48: =Sheet3!Z46 -> #N/A | P48: =Sheet3!AD46 -> #N/A | Q48: =Sheet3!AE46 -> #N/A | R48: =Sheet3!AF46 -> #N/A | S48: =Sheet3!AJ46 -> #N/A | T48: =Sheet3!AK46 -> #N/A | U48: =Sheet3!AL46 -> #N/A | Y48: =Sheet3!AY46 -> #N/A | Z48: =Sheet3!AZ46 -> #N/A | AA48: =Sheet3!BA46 -> #N/A | AE48: =Sheet3!BN46 -> #N/A | AF48: =Sheet3!BO46 -> #N/A | AG48: =Sheet3!BP46 -> #N/A | AH48: =Sheet3!BT46 -> #N/A | AI48: =Sheet3!BU46 -> #N/A | AJ48: =Sheet3!BV46 -> #N/A
A49: 13.1 | B49: HXT15 | C49: =PROPER(B49) -> Hxt15 | D49: =Sheet3!C50 -> #N/A | E49: =Sheet3!D50 -> #N/A | F49: =Sheet3!E50 -> #N/A | V49: =Sheet3!AM50 -> #N/A | W49: =Sheet3!AN50 -> #N/A | X49: =Sheet3!AO50 -> #N/A | Y49: =Sheet3!AP50 -> #N/A | Z49: =Sheet3!AQ50 -> #N/A | AA49: =Sheet3!AR50 -> #N/A | AB49: =Sheet3!BB50 -> #N/A | AC49: =Sheet3!BC50 -> #N/A | AD49: =Sheet3!BD50 -> #N/A | AE49: =Sheet3!BE50 -> #N/A | AF49: =Sheet3!BF50 -> #N/A | AG49: =Sheet3!BG50 -> #N/A
A50: 13.2 | D50: =Sheet3!F50 -> #N/A | E50: =Sheet3!G50 -> #N/A | F50: =Sheet3!H50 -> #N/A | Y50: =Sheet3!AS50 -> #N/A | Z50: =Sheet3!AT50 -> #N/A | AA50: =Sheet3!AU50 -> #N/A | AE50: =Sheet3!BH50 -> #N/A | AF50: =Sheet3!BI50 -> #N/A | AG50: =Sheet3!BJ50 -> #N/A
A51: 13.3 | G51: =Sheet3!I50 -> #N/A | H51: =Sheet3!J50 -> #N/A | I51: =Sheet3!K50 -> #N/A | J51: =Sheet3!O50 -> #N/A | K51: =Sheet3!P50 -> #N/A | L51: =Sheet3!Q50 -> #N/A | M51: =Sheet3!U50 -> #N/A | N51: =Sheet3!V50 -> #N/A | O51: =Sheet3!W50 -> #N/A | P51: =Sheet3!AA50 -> #N/A | Q51: =Sheet3!AB50 -> #N/A | R51: =Sheet3!AC50 -> #N/A | S51: =Sheet3!AG50 -> #N/A | T51: =Sheet3!AH50 -> #N/A | U51: =Sheet3!AI50 -> #N/A | Y51: =Sheet3!AV50 -> #N/A | Z51: =Sheet3!AW50 -> #N/A | AA51: =Sheet3!AX50 -> #N/A | AE51: =Sheet3!BK50 -> #N/A | AF51: =Sheet3!BL50 -> #N/A | AG51: =Sheet3!BM50 -> #N/A | AH51: =Sheet3!BT50 -> #N/A | AI51: =Sheet3!BU50 -> #N/A | AJ51: =Sheet3!BV50 -> #N/A
A52: 13.4 | G52: =Sheet3!L50 -> #N/A | H52: =Sheet3!M50 -> #N/A | I52: =Sheet3!N50 -> #N/A | J52: =Sheet3!R50 -> #N/A | K52: =Sheet3!S50 -> #N/A | L52: =Sheet3!T50 -> #N/A | M52: =Sheet3!X50 -> #N/A | N52: =Sheet3!Y50 -> #N/A | O52: =Sheet3!Z50 -> #N/A | P52: =Sheet3!AD50 -> #N/A | Q52: =Sheet3!AE50 -> #N/A | R52: =Sheet3!AF50 -> #N/A | S52: =Sheet3!AJ50 -> #N/A | T52: =Sheet3!AK50 -> #N/A | U52: =Sheet3!AL50 -> #N/A | Y52: =Sheet3!AY50 -> #N/A | Z52: =Sheet3!AZ50 -> #N/A | AA52: =Sheet3!BA50 -> #N/A | AE52: =Sheet3!BN50 -> #N/A | AF52: =Sheet3!BO50 -> #N/A | AG52: =Sheet3!BP50 -> #N/A | AH52: =Sheet3!BT50 -> #N/A | AI52: =Sheet3!BU50 -> #N/A | AJ52: =Sheet3!BV50 -> #N/A
A53: 14.1 | B53: HXT16 | C53: =PROPER(B53) -> Hxt16 | D53: =Sheet3!C54 -> #N/A | E53: =Sheet3!D54 -> #N/A | F53: =Sheet3!E54 -> #N/A | V53: =Sheet3!AM54 -> #N/A | W53: =Sheet3!AN54 -> #N/A | X53: =Sheet3!AO54 -> #N/A | Y53: =Sheet3!AP54 -> #N/A | Z53: =Sheet3!AQ54 -> #N/A | AA53: =Sheet3!AR54 -> #N/A | AB53: =Sheet3!BB54 -> #N/A | AC53: =Sheet3!BC54 -> #N/A | AD53: =Sheet3!BD54 -> #N/A | AE53: =Sheet3!BE54 -> #N/A | AF53: =Sheet3!BF54 -> #N/A | AG53: =Sheet3!BG54 -> #N/A
A54: 14.2 | D54: =Sheet3!F54 -> #N/A | E54: =Sheet3!G54 -> #N/A | F54: =Sheet3!H54 -> #N/A | Y54: =Sheet3!AS54 -> #N/A | Z54: =Sheet3!AT54 -> #N/A | AA54: =Sheet3!AU54 -> #N/A | AE54: =Sheet3!BH54 -> #N/A | AF54: =Sheet3!BI54 -> #N/A | AG54: =Sheet3!BJ54 -> #N/A
A55: 14.3 | G55: =Sheet3!I54 -> #N/A | H55: =Sheet3!J54 -> #N/A | I55: =Sheet3!K54 -> #N/A | J55: =Sheet3!O54 -> #N/A | K55: =Sheet3!P54 -> #N/A | L55: =Sheet3!Q54 -> #N/A | M55: =Sheet3!U54 -> #N/A | N55: =Sheet3!V54 -> #N/A | O55: =Sheet3!W54 -> #N/A | P55: =Sheet3!AA54 -> #N/A | Q55: =Sheet3!AB54 -> #N/A | R55: =Sheet3!AC54 -> #N/A | S55: =Sheet3!AG54 -> #N/A | T55: =Sheet3!AH54 -> #N/A | U55: =Sheet3!AI54 -> #N/A | Y55: =Sheet3!AV54 -> #N/A | Z55: =Sheet3!AW54 -> #N/A | AA55: =Sheet3!AX54 -> #N/A | AE55: =Sheet3!BK54 -> #N/A | AF55: =Sheet3!BL54 -> #N/A | AG55: =Sheet3!BM54 -> #N/A | AH55: =Sheet3!BT54 -> #N/A | AI55: =Sheet3!BU54 -> #N/A | AJ55: =Sheet3!BV54 -> #N/A
A56: 14.4 | G56: =Sheet3!L54 -> #N/A | H56: =Sheet3!M54 -> #N/A | I56: =Sheet3!N54 -> #N/A | J56: =Sheet3!R54 -> #N/A | K56: =Sheet3!S54 -> #N/A | L56: =Sheet3!T54 -> #N/A | M56: =Sheet3!X54 -> #N/A | N56: =Sheet3!Y54 -> #N/A | O56: =Sheet3!Z54 -> #N/A | P56: =Sheet3!AD54 -> #N/A | Q56: =Sheet3!AE54 -> #N/A | R56: =Sheet3!AF54 -> #N/A | S56: =Sheet3!AJ54 -> #N/A | T56: =Sheet3!AK54 -> #N/A | U56: =Sheet3!AL54 -> #N/A | Y56: =Sheet3!AY54 -> #N/A | Z56: =Sheet3!AZ54 -> #N/A | AA56: =Sheet3!BA54 -> #N/A | AE56: =Sheet3!BN54 -> #N/A | AF56: =Sheet3!BO54 -> #N/A | AG56: =Sheet3!BP54 -> #N/A | AH56: =Sheet3!BT54 -> #N/A | AI56: =Sheet3!BU54 -> #N/A | AJ56: =Sheet3!BV54 -> #N/A
A57: 15.1 | B57: HXT17 | C57: =PROPER(B57) -> Hxt17 | D57: =Sheet3!C58 -> #N/A | E57: =Sheet3!D58 -> #N/A | F57: =Sheet3!E58 -> #N/A | V57: =Sheet3!AM58 -> #N/A | W57: =Sheet3!AN58 -> #N/A | X57: =Sheet3!AO58 -> #N/A | Y57: =Sheet3!AP58 -> #N/A | Z57: =Sheet3!AQ58 -> #N/A | AA57: =Sheet3!AR58 -> #N/A | AB57: =Sheet3!BB58 -> #N/A | AC57: =Sheet3!BC58 -> #N/A | AD57: =Sheet3!BD58 -> #N/A | AE57: =Sheet3!BE58 -> #N/A | AF57: =Sheet3!BF58 -> #N/A | AG57: =Sheet3!BG58 -> #N/A
A58: 15.2 | D58: =Sheet3!F58 -> #N/A | E58: =Sheet3!G58 -> #N/A | F58: =Sheet3!H58 -> #N/A | Y58: =Sheet3!AS58 -> #N/A | Z58: =Sheet3!AT58 -> #N/A | AA58: =Sheet3!AU58 -> #N/A | AE58: =Sheet3!BH58 -> #N/A | AF58: =Sheet3!BI58 -> #N/A | AG58: =Sheet3!BJ58 -> #N/A
A59: 15.3 | G59: =Sheet3!I58 -> #N/A | H59: =Sheet3!J58 -> #N/A | I59: =Sheet3!K58 -> #N/A | J59: =Sheet3!O58 -> #N/A | K59: =Sheet3!P58 -> #N/A | L59: =Sheet3!Q58 -> #N/A | M59: =Sheet3!U58 -> #N/A | N59: =Sheet3!V58 -> #N/A | O59: =Sheet3!W58 -> #N/A | P59: =Sheet3!AA58 -> #N/A | Q59: =Sheet3!AB58 -> #N/A | R59: =Sheet3!AC58 -> #N/A | S59: =Sheet3!AG58 -> #N/A | T59: =Sheet3!AH58 -> #N/A | U59: =Sheet3!AI58 -> #N/A | Y59: =Sheet3!AV58 -> #N/A | Z59: =Sheet3!AW58 -> #N/A | AA59: =Sheet3!AX58 -> #N/A | AE59: =Sheet3!BK58 -> #N/A | AF59: =Sheet3!BL58 -> #N/A | AG59: =Sheet3!BM58 -> #N/A | AH59: =Sheet3!BT58 -> #N/A | AI59: =Sheet3!BU58 -> #N/A | AJ59: =Sheet3!BV58 -> #N/A
A60: 15.4 | G60: =Sheet3!L58 -> #N/A | H60: =Sheet3!M58 -> #N/A | I60: =Sheet3!N58 -> #N/A | J60: =Sheet3!R58 -> #N/A | K60: =Sheet3!S58 -> #N/A | L60: =Sheet3!T58 -> #N/A | M60: =Sheet3!X58 -> #N/A | N60: =Sheet3!Y58 -> #N/A | O60: =Sheet3!Z58 -> #N/A | P60: =Sheet3!AD58 -> #N/A | Q60: =Sheet3!AE58 -> #N/A | R60: =Sheet3!AF58 -> #N/A | S60: =Sheet3!AJ58 -> #N/A | T60: =Sheet3!AK58 -> #N/A | U60: =Sheet3!AL58 -> #N/A | Y60: =Sheet3!AY58 -> #N/A | Z60: =Sheet3!AZ58 -> #N/A | AA60: =Sheet3!BA58 -> #N/A | AE60: =Sheet3!BN58 -> #N/A | AF60: =Sheet3!BO58 -> #N/A | AG60: =Sheet3!BP58 -> #N/A | AH60: =Sheet3!BT58 -> #N/A | AI60: =Sheet3!BU58 -> #N/A | AJ60: =Sheet3!BV58 -> #N/A
A61: 16.1 | B61: GLK1 | C61: =PROPER(B61) -> Glk1 | D61: =Sheet3!C62 -> 8.6081546 | E61: =Sheet3!D62 -> 8.7591458 | F61: =Sheet3!E62 -> 8.9101369 | V61: =Sheet3!AM62 -> 61.374208 | W61: =Sheet3!AN62 -> 65.959104 | X61: =Sheet3!AO62 -> 70.544 | Y61: =Sheet3!AP62 -> 37.478818 | Z61: =Sheet3!AQ62 -> 59.295555 | AA61: =Sheet3!AR62 -> 81.112292 | AB61: =Sheet3!BB62 -> 59.289268 | AC61: =Sheet3!BC62 -> 65.55417 | AD61: =Sheet3!BD62 -> 71.819073 | AE61: =Sheet3!BE62 -> 50.881457 | AF61: =Sheet3!BF62 -> 63.060823 | AG61: =Sheet3!BG62 -> 75.240189
A62: 16.2 | D62: =Sheet3!F62 -> 82.027227 | E62: =Sheet3!G62 -> 87.722603 | F62: =Sheet3!H62 -> 93.41798 | Y62: =Sheet3!AS62 -> 77.237899 | Z62: =Sheet3!AT62 -> 100.0039 | AA62: =Sheet3!AU62 -> 122.76989 | AE62: =Sheet3!BH62 -> 70.303309 | AF62: =Sheet3!BI62 -> 84.123557 | AG62: =Sheet3!BJ62 -> 97.943805
A63: 16.3 | G63: =Sheet3!I62 -> 167.89374 | H63: =Sheet3!J62 -> 208.07056 | I63: =Sheet3!K62 -> 248.24738 | J63: =Sheet3!O62 -> 117.94339 | K63: =Sheet3!P62 -> 141.63432 | L63: =Sheet3!Q62 -> 165.32524 | M63: =Sheet3!U62 -> 180.16357 | N63: =Sheet3!V62 -> 197.72901 | O63: =Sheet3!W62 -> 215.29444 | P63: =Sheet3!AA62 -> 114.47578 | Q63: =Sheet3!AB62 -> 124.30334 | R63: =Sheet3!AC62 -> 134.13091 | S63: =Sheet3!AG62 -> 61.514863 | T63: =Sheet3!AH62 -> 66.668775 | U63: =Sheet3!AI62 -> 71.822688 | Y63: =Sheet3!AV62 -> 92.99203 | Z63: =Sheet3!AW62 -> 101.99554 | AA63: =Sheet3!AX62 -> 110.99906 | AE63: =Sheet3!BK62 -> 90.985613 | AF63: =Sheet3!BL62 -> 101.98546 | AG63: =Sheet3!BM62 -> 112.98532 | AH63: =Sheet3!BT62 -> 62.658661 | AI63: =Sheet3!BU62 -> 64.641548 | AJ63: =Sheet3!BV62 -> 66.624436
A64: 16.4 | G64: =Sheet3!L62 -> 133.6507 | H64: =Sheet3!M62 -> 174.02426 | I64: =Sheet3!N62 -> 214.39781 | J64: =Sheet3!R62 -> 108.26793 | K64: =Sheet3!S62 -> 120.29325 | L64: =Sheet3!T62 -> 132.31858 | M64: =Sheet3!X62 -> 121.04826 | N64: =Sheet3!Y62 -> 128.87674 | O64: =Sheet3!Z62 -> 136.70523 | P64: =Sheet3!AD62 -> 67.197252 | Q64: =Sheet3!AE62 -> 74.490693 | R64: =Sheet3!AF62 -> 81.784134 | S64: =Sheet3!AJ62 -> 77.133543 | T64: =Sheet3!AK62 -> 78.325296 | U64: =Sheet3!AL62 -> 79.51705 | Y64: =Sheet3!AY62 -> 103.25629 | Z64: =Sheet3!AZ62 -> 118.50075 | AA64: =Sheet3!BA62 -> 133.74521 | AE64: =Sheet3!BN62 -> 95.713998 | AF64: =Sheet3!BO62 -> 98.983737 | AG64: =Sheet3!BP62 -> 102.25348 | AH64: =Sheet3!BT62 -> 62.658661 | AI64: =Sheet3!BU62 -> 64.641548 | AJ64: =Sheet3!BV62 -> 66.624436
A65: 17.1 | B65: HXK1 | C65: =PROPER(B65) -> Hxk1 | D65: =Sheet3!C66 -> 3.4710993 | E65: =Sheet3!D66 -> 4.2138793 | F65: =Sheet3!E66 -> 4.9566592 | V65: =Sheet3!AM66 -> 45.960916 | W65: =Sheet3!AN66 -> 52.147704 | X65: =Sheet3!AO66 -> 58.334492 | Y65: =Sheet3!AP66 -> 13.447419 | Z65: =Sheet3!AQ66 -> 17.962859 | AA65: =Sheet3!AR66 -> 22.478299 | AB65: =Sheet3!BB66 -> 32.377189 | AC65: =Sheet3!BC66 -> 38.53548 | AD65: =Sheet3!BD66 -> 44.693771 | AE65: =Sheet3!BE66 -> 11.950865 | AF65: =Sheet3!BF66 -> 14.509449 | AG65: =Sheet3!BG66 -> 17.068032
A66: 17.2 | D66: =Sheet3!F66 -> 220.91809 | E66: =Sheet3!G66 -> 246.02864 | F66: =Sheet3!H66 -> 271.13918 | Y66: =Sheet3!AS66 -> 82.786676 | Z66: =Sheet3!AT66 -> 201.35355 | AA66: =Sheet3!AU66 -> 319.92042 | AE66: =Sheet3!BH66 -> 21.87197 | AF66: =Sheet3!BI66 -> 47.182494 | AG66: =Sheet3!BJ66 -> 72.493018
A67: 17.3 | G67: =Sheet3!I66 -> 21.592631 | H67: =Sheet3!J66 -> 25.457818 | I67: =Sheet3!K66 -> 29.323005 | J67: =Sheet3!O66 -> 49.341936 | K67: =Sheet3!P66 -> 69.501892 | L67: =Sheet3!Q66 -> 89.661849 | M67: =Sheet3!U66 -> 25.677645 | N67: =Sheet3!V66 -> 48.346998 | O67: =Sheet3!W66 -> 71.016351 | P67: =Sheet3!AA66 -> 12.260192 | Q67: =Sheet3!AB66 -> 28.813857 | R67: =Sheet3!AC66 -> 45.367522 | S67: =Sheet3!AG66 -> 69.686053 | T67: =Sheet3!AH66 -> 74.746821 | U67: =Sheet3!AI66 -> 79.807589 | Y67: =Sheet3!AV66 -> 200.10729 | Z67: =Sheet3!AW66 -> 234.42611 | AA67: =Sheet3!AX66 -> 268.74493 | AE67: =Sheet3!BK66 -> 74.090335 | AF67: =Sheet3!BL66 -> 100.01322 | AG67: =Sheet3!BM66 -> 125.9361 | AH67: =Sheet3!BT66 -> 137.2859 | AI67: =Sheet3!BU66 -> 145.18754 | AJ67: =Sheet3!BV66 -> 153.08917
A68: 17.4 | G68: =Sheet3!L66 -> 131.26606 | H68: =Sheet3!M66 -> 133.65545 | I68: =Sheet3!N66 -> 136.04484 | J68: =Sheet3!R66 -> 78.731757 | K68: =Sheet3!S66 -> 109.00931 | L68: =Sheet3!T66 -> 139.28685 | M68: =Sheet3!X66 -> 116.63506 | N68: =Sheet3!Y66 -> 122.77112 | O68: =Sheet3!Z66 -> 128.90719 | P68: =Sheet3!AD66 -> 74.150233 | Q68: =Sheet3!AE66 -> 103.51364 | R68: =Sheet3!AF66 -> 132.87704 | S68: =Sheet3!AJ66 -> 87.271182 | T68: =Sheet3!AK66 -> 91.555591 | U68: =Sheet3!AL66 -> 95.839999 | Y68: =Sheet3!AY66 -> 183.87742 | Z68: =Sheet3!AZ66 -> 184.46131 | AA68: =Sheet3!BA66 -> 185.0452 | AE68: =Sheet3!BN66 -> 167.43874 | AF68: =Sheet3!BO66 -> 215.11958 | AG68: =Sheet3!BP66 -> 262.80041 | AH68: =Sheet3!BT66 -> 137.2859 | AI68: =Sheet3!BU66 -> 145.18754 | AJ68: =Sheet3!BV66 -> 153.08917
A69: 18.1 | B69: HXK2 | C69: =PROPER(B69) -> Hxk2 | D69: =Sheet3!C70 -> 175.41658 | E69: =Sheet3!D70 -> 189.65355 | F69: =Sheet3!E70 -> 203.89053 | V69: =Sheet3!AM70 -> 75.071958 | W69: =Sheet3!AN70 -> 96.092205 | X69: =Sheet3!AO70 -> 117.11245 | Y69: =Sheet3!AP70 -> 11.75835 | Z69: =Sheet3!AQ70 -> 15.977371 | AA69: =Sheet3!AR70 -> 20.196392 | AB69: =Sheet3!BB70 -> 71.094732 | AC69: =Sheet3!BC70 -> 79.585904 | AD69: =Sheet3!BD70 -> 88.077075 | AE69: =Sheet3!BE70 -> 5.4105758 | AF69: =Sheet3!BF70 -> 9.9152863 | AG69: =Sheet3!BG70 -> 14.419997
A70: 18.2 | D70: =Sheet3!F70 -> 99.200758 | E70: =Sheet3!G70 -> 138.02866 | F70: =Sheet3!H70 -> 176.85657 | Y70: =Sheet3!AS70 -> 67.696295 | Z70: =Sheet3!AT70 -> 131.24192 | AA70: =Sheet3!AU70 -> 194.78754 | AE70: =Sheet3!BH70 -> 11.615925 | AF70: =Sheet3!BI70 -> 36.333821 | AG70: =Sheet3!BJ70 -> 61.051718
A71: 18.3 | G71: =Sheet3!I70 -> 32.397357 | H71: =Sheet3!J70 -> 32.855649 | I71: =Sheet3!K70 -> 33.31394 | J71: =Sheet3!O70 -> 76.858849 | K71: =Sheet3!P70 -> 101.75018 | L71: =Sheet3!Q70 -> 126.64151 | M71: =Sheet3!U70 -> 48.017142 | N71: =Sheet3!V70 -> 66.020035 | O71: =Sheet3!W70 -> 84.022928 | P71: =Sheet3!AA70 -> 29.04388 | Q71: =Sheet3!AB70 -> 48.470894 | R71: =Sheet3!AC70 -> 67.897907 | S71: =Sheet3!AG70 -> 122.52488 | T71: =Sheet3!AH70 -> 132.25288 | U71: =Sheet3!AI70 -> 141.98088 | Y71: =Sheet3!AV70 -> 112.71734 | Z71: =Sheet3!AW70 -> 142.54761 | AA71: =Sheet3!AX70 -> 172.37788 | AE71: =Sheet3!BK70 -> 42.119957 | AF71: =Sheet3!BL70 -> 54.31959 | AG71: =Sheet3!BM70 -> 66.519223 | AH71: =Sheet3!BT70 -> 90.120289 | AI71: =Sheet3!BU70 -> 94.222521 | AJ71: =Sheet3!BV70 -> 98.324753
A72: 18.4 | G72: =Sheet3!L70 -> 83.698931 | H72: =Sheet3!M70 -> 105.33121 | I72: =Sheet3!N70 -> 126.96349 | J72: =Sheet3!R70 -> 85.912855 | K72: =Sheet3!S70 -> 112.2411 | L72: =Sheet3!T70 -> 138.56935 | M72: =Sheet3!X70 -> 127.63351 | N72: =Sheet3!Y70 -> 131.28692 | O72: =Sheet3!Z70 -> 134.94034 | P72: =Sheet3!AD70 -> 94.898855 | Q72: =Sheet3!AE70 -> 134.23126 | R72: =Sheet3!AF70 -> 173.56366 | S72: =Sheet3!AJ70 -> 117.23426 | T72: =Sheet3!AK70 -> 122.11418 | U72: =Sheet3!AL70 -> 126.99409 | Y72: =Sheet3!AY70 -> 147.18099 | Z72: =Sheet3!AZ70 -> 166.95533 | AA72: =Sheet3!BA70 -> 186.72968 | AE72: =Sheet3!BN70 -> 143.61686 | AF72: =Sheet3!BO70 -> 168.35554 | AG72: =Sheet3!BP70 -> 193.09421 | AH72: =Sheet3!BT70 -> 90.120289 | AI72: =Sheet3!BU70 -> 94.222521 | AJ72: =Sheet3!BV70 -> 98.324753
A73: 19.1 | B73: EMI2 | C73: =PROPER(B73) -> Emi2 | D73: =Sheet3!C74 -> 8.2203897 | E73: =Sheet3!D74 -> 8.9849765 | F73: =Sheet3!E74 -> 9.7495633 | V73: =Sheet3!AM74 -> 70.19313 | W73: =Sheet3!AN74 -> 71.099265 | X73: =Sheet3!AO74 -> 72.005401 | Y73: =Sheet3!AP74 -> 54.959236 | Z73: =Sheet3!AQ74 -> 74.682078 | AA73: =Sheet3!AR74 -> 94.40492 | AB73: =Sheet3!BB74 -> 54.648319 | AC73: =Sheet3!BC74 -> 59.026661 | AD73: =Sheet3!BD74 -> 63.405002 | AE73: =Sheet3!BE74 -> 90.366014 | AF73: =Sheet3!BF74 -> 100.64752 | AG73: =Sheet3!BG74 -> 110.92903
A74: 19.2 | D74: =Sheet3!F74 -> 106.5964 | E74: =Sheet3!G74 -> 127.23305 | F74: =Sheet3!H74 -> 147.86971 | Y74: =Sheet3!AS74 -> 122.45942 | Z74: =Sheet3!AT74 -> 144.3314 | AA74: =Sheet3!AU74 -> 166.20338 | AE74: =Sheet3!BH74 -> 86.091013 | AF74: =Sheet3!BI74 -> 103.73594 | AG74: =Sheet3!BJ74 -> 121.38088
A75: 19.3 | G75: =Sheet3!I74 -> 106.84902 | H75: =Sheet3!J74 -> 126.30987 | I75: =Sheet3!K74 -> 145.77071 | J75: =Sheet3!O74 -> 71.599775 | K75: =Sheet3!P74 -> 94.831681 | L75: =Sheet3!Q74 -> 118.06359 | M75: =Sheet3!U74 -> 120.25735 | N75: =Sheet3!V74 -> 141.52114 | O75: =Sheet3!W74 -> 162.78494 | P75: =Sheet3!AA74 -> 89.978631 | Q75: =Sheet3!AB74 -> 101.8198 | R75: =Sheet3!AC74 -> 113.66097 | S75: =Sheet3!AG74 -> 69.177728 | T75: =Sheet3!AH74 -> 72.110538 | U75: =Sheet3!AI74 -> 75.043348 | Y75: =Sheet3!AV74 -> 134.53875 | Z75: =Sheet3!AW74 -> 135.78435 | AA75: =Sheet3!AX74 -> 137.02995 | AE75: =Sheet3!BK74 -> 165.04594 | AF75: =Sheet3!BL74 -> 168.25986 | AG75: =Sheet3!BM74 -> 171.47378 | AH75: =Sheet3!BT74 -> 51.452002 | AI75: =Sheet3!BU74 -> 52.987951 | AJ75: =Sheet3!BV74 -> 54.5239
A76: 19.4 | G76: =Sheet3!L74 -> 118.29487 | H76: =Sheet3!M74 -> 174.07248 | I76: =Sheet3!N74 -> 229.85008 | J76: =Sheet3!R74 -> 63.213382 | K76: =Sheet3!S74 -> 83.69502 | L76: =Sheet3!T74 -> 104.17666 | M76: =Sheet3!X74 -> 79.397857 | N76: =Sheet3!Y74 -> 96.320192 | O76: =Sheet3!Z74 -> 113.24253 | P76: =Sheet3!AD74 -> 77.764631 | Q76: =Sheet3!AE74 -> 80.578381 | R76: =Sheet3!AF74 -> 83.392131 | S76: =Sheet3!AJ74 -> 70.276214 | T76: =Sheet3!AK74 -> 74.12574 | U76: =Sheet3!AL74 -> 77.975266 | Y76: =Sheet3!AY74 -> 106.98905 | Z76: =Sheet3!AZ74 -> 117.05655 | AA76: =Sheet3!BA74 -> 127.12405 | AE76: =Sheet3!BN74 -> 134.2149 | AF76: =Sheet3!BO74 -> 137.93763 | AG76: =Sheet3!BP74 -> 141.66037 | AH76: =Sheet3!BT74 -> 51.452002 | AI76: =Sheet3!BU74 -> 52.987951 | AJ76: =Sheet3!BV74 -> 54.5239
A77: 20.1 | B77: PGI1 | C77: =PROPER(B77) -> Pgi1 | D77: =Sheet3!C78 -> 167.3641 | E77: =Sheet3!D78 -> 170.40107 | F77: =Sheet3!E78 -> 173.43803 | V77: =Sheet3!AM78 -> 106.08816 | W77: =Sheet3!AN78 -> 110.24005 | X77: =Sheet3!AO78 -> 114.39194 | Y77: =Sheet3!AP78 -> 11.706125 | Z77: =Sheet3!AQ78 -> 17.805362 | AA77: =Sheet3!AR78 -> 23.904599 | AB77: =Sheet3!BB78 -> 97.754198 | AC77: =Sheet3!BC78 -> 108.17312 | AD77: =Sheet3!BD78 -> 118.59204 | AE77: =Sheet3!BE78 -> 2.9277624 | AF77: =Sheet3!BF78 -> 17.525939 | AG77: =Sheet3!BG78 -> 32.124115
A78: 20.2 | D78: =Sheet3!F78 -> 147.14092 | E78: =Sheet3!G78 -> 175.28898 | F78: =Sheet3!H78 -> 203.43704 | Y78: =Sheet3!AS78 -> 83.357649 | Z78: =Sheet3!AT78 -> 120.95781 | AA78: =Sheet3!AU78 -> 158.55797 | AE78: =Sheet3!BH78 -> 19.792411 | AF78: =Sheet3!BI78 -> 40.654702 | AG78: =Sheet3!BJ78 -> 61.516994
A79: 20.3 | G79: =Sheet3!I78 -> 22.90089 | H79: =Sheet3!J78 -> 30.516906 | I79: =Sheet3!K78 -> 38.132921 | J79: =Sheet3!O78 -> 71.296306 | K79: =Sheet3!P78 -> 94.304927 | L79: =Sheet3!Q78 -> 117.31355 | M79: =Sheet3!U78 -> 49.222819 | N79: =Sheet3!V78 -> 60.738439 | O79: =Sheet3!W78 -> 72.254058 | P79: =Sheet3!AA78 -> 33.342192 | Q79: =Sheet3!AB78 -> 78.998428 | R79: =Sheet3!AC78 -> 124.65466 | S79: =Sheet3!AG78 -> 144.06146 | T79: =Sheet3!AH78 -> 147.74716 | U79: =Sheet3!AI78 -> 151.43286 | Y79: =Sheet3!AV78 -> 108.56593 | Z79: =Sheet3!AW78 -> 120.41252 | AA79: =Sheet3!AX78 -> 132.25912 | AE79: =Sheet3!BK78 -> 44.173828 | AF79: =Sheet3!BL78 -> 56.522011 | AG79: =Sheet3!BM78 -> 68.870195 | AH79: =Sheet3!BT78 -> 83.001795 | AI79: =Sheet3!BU78 -> 85.273204 | AJ79: =Sheet3!BV78 -> 87.544612
A80: 20.4 | G80: =Sheet3!L78 -> 152.28539 | H80: =Sheet3!M78 -> 161.2451 | I80: =Sheet3!N78 -> 170.2048 | J80: =Sheet3!R78 -> 119.82286 | K80: =Sheet3!S78 -> 127.44015 | L80: =Sheet3!T78 -> 135.05744 | M80: =Sheet3!X78 -> 135.48099 | N80: =Sheet3!Y78 -> 140.40187 | O80: =Sheet3!Z78 -> 145.32276 | P80: =Sheet3!AD78 -> 108.82975 | Q80: =Sheet3!AE78 -> 121.87001 | R80: =Sheet3!AF78 -> 134.91028 | S80: =Sheet3!AJ78 -> 162.12978 | T80: =Sheet3!AK78 -> 167.13685 | U80: =Sheet3!AL78 -> 172.14393 | Y80: =Sheet3!AY78 -> 53.810609 | Z80: =Sheet3!AZ78 -> 65.630768 | AA80: =Sheet3!BA78 -> 77.450928 | AE80: =Sheet3!BN78 -> 89.460066 | AF80: =Sheet3!BO78 -> 101.69831 | AG80: =Sheet3!BP78 -> 113.93656 | AH80: =Sheet3!BT78 -> 83.001795 | AI80: =Sheet3!BU78 -> 85.273204 | AJ80: =Sheet3!BV78 -> 87.544612
A81: 21.1 | B81: PFK1 | C81: =PROPER(B81) -> Pfk1 | D81: =Sheet3!C82 -> 97.06901 | E81: =Sheet3!D82 -> 101.27631 | F81: =Sheet3!E82 -> 105.48362 | V81: =Sheet3!AM82 -> 75.896899 | W81: =Sheet3!AN82 -> 85.473487 | X81: =Sheet3!AO82 -> 95.050074 | Y81: =Sheet3!AP82 -> 196.22245 | Z81: =Sheet3!AQ82 -> 229.42473 | AA81: =Sheet3!AR82 -> 262.62702 | AB81: =Sheet3!BB82 -> 72.190302 | AC81: =Sheet3!BC82 -> 85.393818 | AD81: =Sheet3!BD82 -> 98.597333 | AE81: =Sheet3!BE82 -> 111.65208 | AF81: =Sheet3!BF82 -> 135.75135 | AG81: =Sheet3!BG82 -> 159.85062
A82: 21.2 | D82: =Sheet3!F82 -> 67.203792 | E82: =Sheet3!G82 -> 79.35998 | F82: =Sheet3!H82 -> 91.516168 | Y82: =Sheet3!AS82 -> 60.061256 | Z82: =Sheet3!AT82 -> 88.029346 | AA82: =Sheet3!AU82 -> 115.99744 | AE82: =Sheet3!BH82 -> 80.313661 | AF82: =Sheet3!BI82 -> 100.96779 | AG82: =Sheet3!BJ82 -> 121.62192
A83: 21.3 | G83: =Sheet3!I82 -> 133.83588 | H83: =Sheet3!J82 -> 169.83133 | I83: =Sheet3!K82 -> 205.82678 | J83: =Sheet3!O82 -> 72.531781 | K83: =Sheet3!P82 -> 87.874382 | L83: =Sheet3!Q82 -> 103.21698 | M83: =Sheet3!U82 -> 103.72817 | N83: =Sheet3!V82 -> 125.38159 | O83: =Sheet3!W82 -> 147.03502 | P83: =Sheet3!AA82 -> 117.47799 | Q83: =Sheet3!AB82 -> 120.11262 | R83: =Sheet3!AC82 -> 122.74726 | S83: =Sheet3!AG82 -> 65.809187 | T83: =Sheet3!AH82 -> 78.22085 | U83: =Sheet3!AI82 -> 90.632513 | Y83: =Sheet3!AV82 -> 72.309238 | Z83: =Sheet3!AW82 -> 77.341819 | AA83: =Sheet3!AX82 -> 82.374399 | AE83: =Sheet3!BK82 -> 129.21782 | AF83: =Sheet3!BL82 -> 135.31575 | AG83: =Sheet3!BM82 -> 141.41369 | AH83: =Sheet3!BT82 -> 49.832855 | AI83: =Sheet3!BU82 -> 52.228033 | AJ83: =Sheet3!BV82 -> 54.62321
A84: 21.4 | G84: =Sheet3!L82 -> 102.15995 | H84: =Sheet3!M82 -> 129.26136 | I84: =Sheet3!N82 -> 156.36278 | J84: =Sheet3!R82 -> 65.470094 | K84: =Sheet3!S82 -> 77.279083 | L84: =Sheet3!T82 -> 89.088072 | M84: =Sheet3!X82 -> 65.571102 | N84: =Sheet3!Y82 -> 79.242485 | O84: =Sheet3!Z82 -> 92.913867 | P84: =Sheet3!AD82 -> 80.491202 | Q84: =Sheet3!AE82 -> 90.589022 | R84: =Sheet3!AF82 -> 100.68684 | S84: =Sheet3!AJ82 -> 69.220463 | T84: =Sheet3!AK82 -> 74.314913 | U84: =Sheet3!AL82 -> 79.409364 | Y84: =Sheet3!AY82 -> 65.782517 | Z84: =Sheet3!AZ82 -> 72.246317 | AA84: =Sheet3!BA82 -> 78.710117 | AE84: =Sheet3!BN82 -> 58.523714 | AF84: =Sheet3!BO82 -> 62.052505 | AG84: =Sheet3!BP82 -> 65.581296 | AH84: =Sheet3!BT82 -> 49.832855 | AI84: =Sheet3!BU82 -> 52.228033 | AJ84: =Sheet3!BV82 -> 54.62321
A85: 22.1 | B85: PFK2 | C85: =PROPER(B85) -> Pfk2 | D85: =Sheet3!C86 -> 113.33772 | E85: =Sheet3!D86 -> 119.18208 | F85: =Sheet3!E86 -> 125.02643 | V85: =Sheet3!AM86 -> 75.672665 | W85: =Sheet3!AN86 -> 85.809905 | X85: =Sheet3!AO86 -> 95.947145 | Y85: =Sheet3!AP86 -> 175.08406 | Z85: =Sheet3!AQ86 -> 199.47989 | AA85: =Sheet3!AR86 -> 223.87571 | AB85: =Sheet3!BB86 -> 76.465623 | AC85: =Sheet3!BC86 -> 83.82147 | AD85: =Sheet3!BD86 -> 91.177316 | AE85: =Sheet3!BE86 -> 115.61299 | AF85: =Sheet3!BF86 -> 137.58473 | AG85: =Sheet3!BG86 -> 159.55647
A86: 22.2 | D86: =Sheet3!F86 -> 60.407788 | E86: =Sheet3!G86 -> 70.712268 | F86: =Sheet3!H86 -> 81.016748 | Y86: =Sheet3!AS86 -> 42.415274 | Z86: =Sheet3!AT86 -> 72.36766 | AA86: =Sheet3!AU86 -> 102.32005 | AE86: =Sheet3!BH86 -> 89.226842 | AF86: =Sheet3!BI86 -> 108.27773 | AG86: =Sheet3!BJ86 -> 127.32862
A87: 22.3 | G87: =Sheet3!I86 -> 142.06414 | H87: =Sheet3!J86 -> 177.5379 | I87: =Sheet3!K86 -> 213.01166 | J87: =Sheet3!O86 -> 72.233862 | K87: =Sheet3!P86 -> 93.865186 | L87: =Sheet3!Q86 -> 115.49651 | M87: =Sheet3!U86 -> 118.96506 | N87: =Sheet3!V86 -> 131.27196 | O87: =Sheet3!W86 -> 143.57887 | P87: =Sheet3!AA86 -> 115.34708 | Q87: =Sheet3!AB86 -> 120.20391 | R87: =Sheet3!AC86 -> 125.06073 | S87: =Sheet3!AG86 -> 68.788404 | T87: =Sheet3!AH86 -> 77.954683 | U87: =Sheet3!AI86 -> 87.120962 | Y87: =Sheet3!AV86 -> 69.906496 | Z87: =Sheet3!AW86 -> 72.55432 | AA87: =Sheet3!AX86 -> 75.202143 | AE87: =Sheet3!BK86 -> 122.85012 | AF87: =Sheet3!BL86 -> 134.14854 | AG87: =Sheet3!BM86 -> 145.44697 | AH87: =Sheet3!BT86 -> 47.901308 | AI87: =Sheet3!BU86 -> 48.242047 | AJ87: =Sheet3!BV86 -> 48.582785
A88: 22.4 | G88: =Sheet3!L86 -> 112.97035 | H88: =Sheet3!M86 -> 133.32994 | I88: =Sheet3!N86 -> 153.68953 | J88: =Sheet3!R86 -> 73.424963 | K88: =Sheet3!S86 -> 82.718076 | L88: =Sheet3!T86 -> 92.011188 | M88: =Sheet3!X86 -> 77.862885 | N88: =Sheet3!Y86 -> 86.069011 | O88: =Sheet3!Z86 -> 94.275137 | P88: =Sheet3!AD86 -> 82.696708 | Q88: =Sheet3!AE86 -> 91.556967 | R88: =Sheet3!AF86 -> 100.41723 | S88: =Sheet3!AJ86 -> 73.788232 | T88: =Sheet3!AK86 -> 77.399839 | U88: =Sheet3!AL86 -> 81.011446 | Y88: =Sheet3!AY86 -> 64.959078 | Z88: =Sheet3!AZ86 -> 71.094581 | AA88: =Sheet3!BA86 -> 77.230083 | AE88: =Sheet3!BN86 -> 64.511862 | AF88: =Sheet3!BO86 -> 66.118536 | AG88: =Sheet3!BP86 -> 67.725211 | AH88: =Sheet3!BT86 -> 47.901308 | AI88: =Sheet3!BU86 -> 48.242047 | AJ88: =Sheet3!BV86 -> 48.582785
A89: 23.1 | B89: FBP1 | C89: =PROPER(B89) -> Fbp1 | D89: =Sheet3!C90 -> 0 | E89: =Sheet3!D90 -> 0 | F89: =Sheet3!E90 -> 0 | V89: =Sheet3!AM90 -> 0 | W89: =Sheet3!AN90 -> 0 | X89: =Sheet3!AO90 -> 0 | Y89: =Sheet3!AP90 -> 0 | Z89: =Sheet3!AQ90 -> 0 | AA89: =Sheet3!AR90 -> 0 | AB89: =Sheet3!BB90 -> 0 | AC89: =Sheet3!BC90 -> 0 | AD89: =Sheet3!BD90 -> 0 | AE89: =Sheet3!BE90 -> 0 | AF89: =Sheet3!BF90 -> 0 | AG89: =Sheet3!BG90 -> 0
A90: 23.2 | D90: =Sheet3!F90 -> 143.18857 | E90: =Sheet3!G90 -> 203.72192 | F90: =Sheet3!H90 -> 264.25526 | Y90: =Sheet3!AS90 -> 145.91162 | Z90: =Sheet3!AT90 -> 160.68178 | AA90: =Sheet3!AU90 -> 175.45194 | AE90: =Sheet3!BH90 -> 196.34883 | AF90: =Sheet3!BI90 -> 250.90879 | AG90: =Sheet3!BJ90 -> 305.46875
A91: 23.3 | G91: =Sheet3!I90 -> 161.44358 | H91: =Sheet3!J90 -> 195.70652 | I91: =Sheet3!K90 -> 229.96946 | J91: =Sheet3!O90 -> 183.10031 | K91: =Sheet3!P90 -> 249.66417 | L91: =Sheet3!Q90 -> 316.22803 | M91: =Sheet3!U90 -> 221.34443 | N91: =Sheet3!V90 -> 241.43005 | O91: =Sheet3!W90 -> 261.51567 | P91: =Sheet3!AA90 -> 62.429201 | Q91: =Sheet3!AB90 -> 120.8984 | R91: =Sheet3!AC90 -> 179.3676 | S91: =Sheet3!AG90 -> 0 | T91: =Sheet3!AH90 -> 0 | U91: =Sheet3!AI90 -> 0 | Y91: =Sheet3!AV90 -> 154.78659 | Z91: =Sheet3!AW90 -> 192.60882 | AA91: =Sheet3!AX90 -> 230.43104 | AE91: =Sheet3!BK90 -> 94.343292 | AF91: =Sheet3!BL90 -> 123.80412 | AG91: =Sheet3!BM90 -> 153.26495 | AH91: =Sheet3!BT90 -> 33.988194 | AI91: =Sheet3!BU90 -> 44.866073 | AJ91: =Sheet3!BV90 -> 55.743952
A92: 23.4 | G92: =Sheet3!L90 -> 100.63039 | H92: =Sheet3!M90 -> 140.26876 | I92: =Sheet3!N90 -> 179.90713 | J92: =Sheet3!R90 -> 24.735042 | K92: =Sheet3!S90 -> 49.090981 | L92: =Sheet3!T90 -> 73.44692 | M92: =Sheet3!X90 -> 29.989502 | N92: =Sheet3!Y90 -> 49.424155 | O92: =Sheet3!Z90 -> 68.858807 | P92: =Sheet3!AD90 -> -5.204703 | Q92: =Sheet3!AE90 -> 17.907516 | R92: =Sheet3!AF90 -> 41.019734 | S92: =Sheet3!AJ90 -> 0 | T92: =Sheet3!AK90 -> 0 | U92: =Sheet3!AL90 -> 0 | Y92: =Sheet3!AY90 -> 185.28583 | Z92: =Sheet3!AZ90 -> 198.60312 | AA92: =Sheet3!BA90 -> 211.92042 | AE92: =Sheet3!BN90 -> 3.9853539 | AF92: =Sheet3!BO90 -> 6.3438478 | AG92: =Sheet3!BP90 -> 8.7023417 | AH92: =Sheet3!BT90 -> 33.988194 | AI92: =Sheet3!BU90 -> 44.866073 | AJ92: =Sheet3!BV90 -> 55.743952
A93: 24.1 | B93: PFK26 | C93: =PROPER(B93) -> Pfk26 | D93: =Sheet3!C94 -> 10.809962 | E93: =Sheet3!D94 -> 11.950947 | F93: =Sheet3!E94 -> 13.091933 | V93: =Sheet3!AM94 -> 39.141953 | W93: =Sheet3!AN94 -> 45.398085 | X93: =Sheet3!AO94 -> 51.654217 | Y93: =Sheet3!AP94 -> 98.793143 | Z93: =Sheet3!AQ94 -> 120.21021 | AA93: =Sheet3!AR94 -> 141.62728 | AB93: =Sheet3!BB94 -> 32.117511 | AC93: =Sheet3!BC94 -> 39.017472 | AD93: =Sheet3!BD94 -> 45.917434 | AE93: =Sheet3!BE94 -> 48.986384 | AF93: =Sheet3!BF94 -> 60.903792 | AG93: =Sheet3!BG94 -> 72.8212
A94: 24.2 | D94: =Sheet3!F94 -> 98.70221 | E94: =Sheet3!G94 -> 108.02044 | F94: =Sheet3!H94 -> 117.33867 | Y94: =Sheet3!AS94 -> 138.96429 | Z94: =Sheet3!AT94 -> 146.15063 | AA94: =Sheet3!AU94 -> 153.33697 | AE94: =Sheet3!BH94 -> 71.459678 | AF94: =Sheet3!BI94 -> 91.351502 | AG94: =Sheet3!BJ94 -> 111.24333
A95: 24.3 | G95: =Sheet3!I94 -> 140.29332 | H95: =Sheet3!J94 -> 148.85229 | I95: =Sheet3!K94 -> 157.41125 | J95: =Sheet3!O94 -> 103.54135 | K95: =Sheet3!P94 -> 111.20806 | L95: =Sheet3!Q94 -> 118.87477 | M95: =Sheet3!U94 -> 79.820257 | N95: =Sheet3!V94 -> 95.60738 | O95: =Sheet3!W94 -> 111.3945 | P95: =Sheet3!AA94 -> 136.92187 | Q95: =Sheet3!AB94 -> 143.52178 | R95: =Sheet3!AC94 -> 150.1217 | S95: =Sheet3!AG94 -> 55.258536 | T95: =Sheet3!AH94 -> 64.315601 | U95: =Sheet3!AI94 -> 73.372666 | Y95: =Sheet3!AV94 -> 119.20822 | Z95: =Sheet3!AW94 -> 138.87909 | AA95: =Sheet3!AX94 -> 158.54996 | AE95: =Sheet3!BK94 -> 141.49641 | AF95: =Sheet3!BL94 -> 146.49714 | AG95: =Sheet3!BM94 -> 151.49788 | AH95: =Sheet3!BT94 -> 52.167539 | AI95: =Sheet3!BU94 -> 57.226362 | AJ95: =Sheet3!BV94 -> 62.285185
A96: 24.4 | G96: =Sheet3!L94 -> 150.35243 | H96: =Sheet3!M94 -> 190.25437 | I96: =Sheet3!N94 -> 230.15632 | J96: =Sheet3!R94 -> 82.472251 | K96: =Sheet3!S94 -> 114.90421 | L96: =Sheet3!T94 -> 147.33616 | M96: =Sheet3!X94 -> 134.491 | N96: =Sheet3!Y94 -> 136.75848 | O96: =Sheet3!Z94 -> 139.02596 | P96: =Sheet3!AD94 -> 104.88029 | Q96: =Sheet3!AE94 -> 114.8676 | R96: =Sheet3!AF94 -> 124.85491 | S96: =Sheet3!AJ94 -> 73.304015 | T96: =Sheet3!AK94 -> 75.681192 | U96: =Sheet3!AL94 -> 78.058369 | Y96: =Sheet3!AY94 -> 104.47137 | Z96: =Sheet3!AZ94 -> 113.64184 | AA96: =Sheet3!BA94 -> 122.81231 | AE96: =Sheet3!BN94 -> 47.978179 | AF96: =Sheet3!BO94 -> 57.766032 | AG96: =Sheet3!BP94 -> 67.553886 | AH96: =Sheet3!BT94 -> 52.167539 | AI96: =Sheet3!BU94 -> 57.226362 | AJ96: =Sheet3!BV94 -> 62.285185
A97: 25.1 | B97: PFK27 | C97: =PROPER(B97) -> Pfk27 | D97: =Sheet3!C98 -> #N/A | E97: =Sheet3!D98 -> #N/A | F97: =Sheet3!E98 -> #N/A | V97: =Sheet3!AM98 -> #N/A | W97: =Sheet3!AN98 -> #N/A | X97: =Sheet3!AO98 -> #N/A | Y97: =Sheet3!AP98 -> #N/A | Z97: =Sheet3!AQ98 -> #N/A | AA97: =Sheet3!AR98 -> #N/A | AB97: =Sheet3!BB98 -> #N/A | AC97: =Sheet3!BC98 -> #N/A | AD97: =Sheet3!BD98 -> #N/A | AE97: =Sheet3!BE98 -> #N/A | AF97: =Sheet3!BF98 -> #N/A | AG97: =Sheet3!BG98 -> #N/A
A98: 25.2 | D98: =Sheet3!F98 -> #N/A | E98: =Sheet3!G98 -> #N/A | F98: =Sheet3!H98 -> #N/A | Y98: =Sheet3!AS98 -> #N/A | Z98: =Sheet3!AT98 -> #N/A | AA98: =Sheet3!AU98 -> #N/A | AE98: =Sheet3!BH98 -> #N/A | AF98: =Sheet3!BI98 -> #N/A | AG98: =Sheet3!BJ98 -> #N/A
A99: 25.3 | G99: =Sheet3!I98 -> #N/A | H99: =Sheet3!J98 -> #N/A | I99: =Sheet3!K98 -> #N/A | J99: =Sheet3!O98 -> #N/A | K99: =Sheet3!P98 -> #N/A | L99: =Sheet3!Q98 -> #N/A | M99: =Sheet3!U98 -> #N/A | N99: =Sheet3!V98 -> #N/A | O99: =Sheet3!W98 -> #N/A | P99: =Sheet3!AA98 -> #N/A | Q99: =Sheet3!AB98 -> #N/A | R99: =Sheet3!AC98 -> #N/A | S99: =Sheet3!AG98 -> #N/A | T99: =Sheet3!AH98 -> #N/A | U99: =Sheet3!AI98 -> #N/A | Y99: =Sheet3!AV98 -> #N/A | Z99: =Sheet3!AW98 -> #N/A | AA99: =Sheet3!AX98 -> #N/A | AE99: =Sheet3!BK98 -> #N/A | AF99: =Sheet3!BL98 -> #N/A | AG99: =Sheet3!BM98 -> #N/A | AH99: =Sheet3!BT98 -> #N/A | AI99: =Sheet3!BU98 -> #N/A | AJ99: =Sheet3!BV98 -> #N/A
A100: 25.4 | G100: =Sheet3!L98 -> #N/A | H100: =Sheet3!M98 -> #N/A | I100: =Sheet3!N98 -> #N/A | J100: =Sheet3!R98 -> #N/A | K100: =Sheet3!S98 -> #N/A | L100: =Sheet3!T98 -> #N/A | M100: =Sheet3!X98 -> #N/A | N100: =Sheet3!Y98 -> #N/A | O100: =Sheet3!Z98 -> #N/A | P100: =Sheet3!AD98 -> #N/A | Q100: =Sheet3!AE98 -> #N/A | R100: =Sheet3!AF98 -> #N/A | S100: =Sheet3!AJ98 -> #N/A | T100: =Sheet3!AK98 -> #N/A | U100: =Sheet3!AL98 -> #N/A | Y100: =Sheet3!AY98 -> #N/A | Z100: =Sheet3!AZ98 -> #N/A | AA100: =Sheet3!BA98 -> #N/A | AE100: =Sheet3!BN98 -> #N/A | AF100: =Sheet3!BO98 -> #N/A | AG100: =Sheet3!BP98 -> #N/A | AH100: =Sheet3!BT98 -> #N/A | AI100: =Sheet3!BU98 -> #N/A | AJ100: =Sheet3!BV98 -> #N/A
...
